use `welab_skyeye`;

-- ----------------------------
-- Records of dbus_event_report_config
-- ----------------------------
INSERT INTO `dbus_event_report_config` VALUES (1, 1, '{\"autoTrackMode\":-1,\"reportInterval\":15000,\"disableSDK\":true,\"sessionInterval\":30000,\"backgroundReportable\":true,\"reportBulkSize\":100,\"disableLog\":true,\"runMode\":0}', '2019-07-26 17:28:43.0', '2019-08-29 14:38:54.0');
INSERT INTO `dbus_event_report_config` VALUES (2, 2, '{\"autoTrackMode\":-1,\"reportInterval\":15000,\"disableSDK\":false,\"sessionInterval\":30000,\"backgroundReportable\":true,\"reportBulkSize\":100,\"disableLog\":true,\"runMode\":0}', '2019-07-26 17:28:43.0', '2019-08-28 18:12:20.0');


-- ----------------------------
-- Records of dbus_system_config
-- ----------------------------

INSERT INTO `dbus_system_config` VALUES (1, 'copy_related_field', 'x_user_id', 'user_id,borrower_id,owner_id,userId,ownerid,borrowerid', 'equals', 'x_user_id关联字段配置', 1, '2019-07-03 16:55:43.0', '2019-07-08 14:16:49.0');
INSERT INTO `dbus_system_config` VALUES (2, 'copy_related_field', 'x_product_code', 'product_code,productcode', 'equals', 'x_product_code关联字段配置', 1, '2019-07-03 16:56:20.0', '2019-07-04 12:30:30.0');
INSERT INTO `dbus_system_config` VALUES (3, 'copy_related_field', 'x_uuid', 'uuid', 'equals', 'x_uuid关联字段配置', 1, '2019-07-03 16:57:47.0', '2019-07-04 12:30:31.0');
INSERT INTO `dbus_system_config` VALUES (4, 'copy_related_field', 'x_application_id', 'application_id,applicationId', 'equals', 'x_application_id关联字段配置', 1, '2019-07-03 16:59:47.0', '2019-07-04 12:30:31.0');
INSERT INTO `dbus_system_config` VALUES (5, 'copy_related_field', 'x_loan_application_id', 'loan_application_id', 'equals', 'x_loan_application_id关联字段配置', 1, '2019-07-03 17:01:19.0', '2019-07-04 12:30:32.0');
INSERT INTO `dbus_system_config` VALUES (6, 'copy_related_field', 'x_bank_id', 'bank_id,banks_id,bankid', 'equals', 'x_bank_id关联字段配置', 1, '2019-07-03 17:04:06.0', '2019-07-08 13:27:13.0');
INSERT INTO `dbus_system_config` VALUES (7, 'copy_related_field', 'x_bank_card_id', 'bank_card_id,bank_cards_id', 'equals', 'x_bank_card_id关联字段配置', 1, '2019-07-03 17:04:41.0', '2019-07-08 13:27:01.0');
INSERT INTO `dbus_system_config` VALUES (8, 'copy_related_field', 'x_origin', 'origin', 'equals', 'x_origin关联字段配置', 1, '2019-07-03 17:06:07.0', '2019-07-04 12:30:35.0');
INSERT INTO `dbus_system_config` VALUES (9, 'copy_related_field', 'x_seq_no', 'seq_no', 'equals', 'x_seq_no关联字段配置', 1, '2019-07-03 17:07:34.0', '2019-07-04 12:30:35.0');
INSERT INTO `dbus_system_config` VALUES (10, 'copy_related_field', 'x_pay_seq_no', 'pay_seq_no', 'equals', 'x_pay_seq_no关联字段配置', 1, '2019-07-03 17:09:37.0', '2019-07-04 12:30:36.0');
INSERT INTO `dbus_system_config` VALUES (11, 'copy_related_field', 'x_dues_id', 'dues_id,due_id', 'equals', 'x_dues_id关联字段配置', 1, '2019-07-03 17:11:39.0', '2019-07-04 12:30:37.0');
INSERT INTO `dbus_system_config` VALUES (12, 'copy_related_field', 'x_org_id', 'org_id,orgid', 'equals', 'x_org_id关联字段配置', 1, '2019-07-03 17:12:57.0', '2019-07-04 12:30:38.0');
INSERT INTO `dbus_system_config` VALUES (13, 'copy_related_field', 'x_service_no', 'service_no', 'equals', 'x_service_no关联字段配置', 1, '2019-07-03 17:13:33.0', '2019-07-04 12:30:39.0');
INSERT INTO `dbus_system_config` VALUES (14, 'copy_related_field', 'x_lender_id', 'lender_id', 'equals', 'x_lender_id关联字段配置', 1, '2019-07-03 17:15:31.0', '2019-07-04 12:30:40.0');
INSERT INTO `dbus_system_config` VALUES (15, 'copy_related_field', 'x_source_id', 'source_id', 'equals', 'x_source_id关联字段配置', 1, '2019-07-03 17:19:20.0', '2019-07-04 12:30:42.0');
INSERT INTO `dbus_system_config` VALUES (16, 'map_field', 'status', NULL, 'like', '字典映射翻译字段配置', 1, '2019-07-03 19:56:02.0', '2019-07-04 12:29:21.0');
INSERT INTO `dbus_system_config` VALUES (17, 'map_field', 'state', NULL, 'like', '字典映射翻译字段配置', 1, '2019-07-03 19:56:07.0', '2019-07-04 12:29:24.0');
INSERT INTO `dbus_system_config` VALUES (18, 'map_field', 'step', NULL, 'like', '字典映射翻译字段配置', 1, '2019-07-03 19:56:25.0', '2019-07-04 12:29:30.0');
INSERT INTO `dbus_system_config` VALUES (19, 'map_field', 'type', NULL, 'like', '字典映射翻译字段配置', 1, '2019-07-03 20:02:59.0', '2019-07-04 12:29:34.0');
INSERT INTO `dbus_system_config` VALUES (20, 'map_field', 'partner_code', NULL, 'equals', '字典映射翻译字段配置', 1, '2019-07-03 20:03:12.0', '2019-07-04 12:29:38.0');
INSERT INTO `dbus_system_config` VALUES (22, 'map_field', 'experiment_info', NULL, 'equals', '字典映射翻译字段配置', 1, '2019-07-03 20:04:10.0', '2019-07-04 12:29:45.0');
INSERT INTO `dbus_system_config` VALUES (23, 'map_field', 'capital_pay_code', NULL, 'equals', '字典映射翻译字段配置', 1, '2019-07-03 20:04:34.0', '2019-07-04 12:29:50.0');
INSERT INTO `dbus_system_config` VALUES (24, 'map_field', 'partner_code', NULL, 'equals', '字典映射翻译字段配置', 1, '2019-07-03 20:06:37.0', '2019-07-04 12:29:53.0');
INSERT INTO `dbus_system_config` VALUES (25, 'map_field', 'suspended', NULL, 'equals', '字典映射翻译字段配置', 1, '2019-07-03 20:07:08.0', '2019-07-04 12:29:57.0');
INSERT INTO `dbus_system_config` VALUES (26, 'create_time_field', 'created_at', NULL, 'equals', '时间字段配置', 1, '2019-07-03 20:52:23.0', '2019-07-04 12:30:00.0');
INSERT INTO `dbus_system_config` VALUES (27, 'create_time_field', 'CREATE_TIME', NULL, 'equals', '时间字段配置', 1, '2019-07-03 20:52:35.0', '2019-07-04 12:30:03.0');
INSERT INTO `dbus_system_config` VALUES (28, 'create_time_field', 'BEGIN_DATE', NULL, 'equals', '时间字段配置', 1, '2019-07-03 20:54:14.0', '2019-07-04 12:30:07.0');
INSERT INTO `dbus_system_config` VALUES (29, 'create_time_field', 'gmt_create', NULL, 'equals', '时间字段配置', 1, '2019-07-03 21:06:11.0', '2019-07-04 12:30:11.0');
INSERT INTO `dbus_system_config` VALUES (30, 'create_time_field', 'start_time', NULL, 'equals', '时间字段配置', 1, '2019-07-03 21:07:25.0', '2019-07-04 12:30:14.0');
INSERT INTO `dbus_system_config` VALUES (31, 'copy_related_field', 'x_school_id', 'school_id,x_schools_id,schoolid', 'equals', 'x_school_id关联字段配置', 1, '2019-07-08 11:00:21.0', '2019-07-08 13:26:32.0');
INSERT INTO `dbus_system_config` VALUES (32, 'copy_related_field', 'x_activity_id', 'activity_id,activitys_id,activityid', 'equals', 'x_activity_id关联字段配置', 1, '2019-07-08 11:19:07.0', '2019-07-08 13:26:13.0');
INSERT INTO `dbus_system_config` VALUES (33, 'copy_related_field', 'x_batch_id', 'batch_id,batchid', 'equals', 'x_batch_id关联字段配置', 1, '2019-07-08 13:25:57.0', '2019-07-08 13:27:30.0');
INSERT INTO `dbus_system_config` VALUES (34, 'copy_related_field', 'x_bid_id', 'bid_id', 'equals', 'x_bid_id关联字段配置', 1, '2019-07-08 13:38:28.0', '2019-07-08 13:38:44.0');
INSERT INTO `dbus_system_config` VALUES (35, 'copy_related_field', 'x_loan_id', 'loan_id,loans_id,loanid', 'equals', 'x_loan_id关联字段配置', 1, '2019-07-08 13:45:29.0', '2019-07-08 14:16:31.0');
INSERT INTO `dbus_system_config` VALUES (36, 'copy_related_field', 'x_order_no', 'order_no', 'equals', 'x_order_no关联字段配置', 1, '2019-07-08 15:25:55.0', '2019-07-08 15:26:00.0');
INSERT INTO `dbus_system_config` VALUES (37, 'create_time_field', 'create_at', NULL, 'equals', '时间字段配置', 1, '2019-07-03 20:52:23.0', '2019-07-04 12:30:00.0');
INSERT INTO `dbus_system_config` VALUES (38, 'create_time_field', 'CREATEDDATE', NULL, 'equals', '时间字段配置', 1, '2019-07-03 20:52:23.0', '2019-07-03 20:52:23.0');


-- MySql、PostgreSql、Oracle 模板算子初始化

INSERT INTO `welab_skyeye`.`dbus_topology`(`id`, `topo_name`, `src_addr`, `src_topic`, `target_topic`, `target_addr`, `description`, `src_type`, `src_id`, `src_code`, `increase_mark`, `pre_filter_mark`, `post_filter_mark`, `schema_change_mark`, `kafka_group_version`, `reread_date`, `boot_state`, `health_state`, `state`, `gmt_create`, `gmt_modified`) VALUES (263768838514933760, 'PostgreSQL模板', '127.0.0.1:9092', 'postgres-source-template_topic', 'skyscanner.postgres-target-template_topic', '127.0.0.1:9092', 'PostgreSQL表通用模板配置，禁止更改！', 12, 222351510820880384, NULL, 0, 0, 0, 0, 0, NULL, 0, 0, 1, '2018-10-29 20:43:11.0', '2019-09-09 11:26:09.0');
INSERT INTO `welab_skyeye`.`dbus_topology`(`id`, `topo_name`, `src_addr`, `src_topic`, `target_topic`, `target_addr`, `description`, `src_type`, `src_id`, `src_code`, `increase_mark`, `pre_filter_mark`, `post_filter_mark`, `schema_change_mark`, `kafka_group_version`, `reread_date`, `boot_state`, `health_state`, `state`, `gmt_create`, `gmt_modified`) VALUES (263769088281542656, 'MySQL模板', '127.0.0.1:9092', 'mysq-source-template-topic', 'skyscanner.mysq-target-template-topic', '127.0.0.1:9092', 'MySQL表通用模板配置，禁止更改！', 11, 0, NULL, 0, 0, 0, 0, 0, NULL, 0, 0, 1, '2018-10-29 20:44:11.0', '2019-09-09 11:26:09.0');
INSERT INTO `welab_skyeye`.`dbus_topology`(`id`, `topo_name`, `src_addr`, `src_topic`, `target_topic`, `target_addr`, `description`, `src_type`, `src_id`, `src_code`, `increase_mark`, `pre_filter_mark`, `post_filter_mark`, `schema_change_mark`, `kafka_group_version`, `reread_date`, `boot_state`, `health_state`, `state`, `gmt_create`, `gmt_modified`) VALUES (409287678425563136, 'Oracle模板', '10.2.0.15:9098', 'oracle_test', 'dbus_oracle_test', '10.2.0.15:9098', 'Oracle模板', 15, 0, NULL, 1, 0, 0, 0, 0, NULL, 0, 0, 1, '2019-12-05 10:14:02', '2019-12-05 10:14:02');


INSERT INTO `welab_skyeye`.`dbus_processor`(`id`, `topo_id`, `exe_period`, `type`, `seq_num`, `state`, `gmt_create`, `gmt_modified`, `info_hash`) VALUES (368474241038831616, 263769088281542656, 1, 'select', 1, 1, '2019-08-14 19:05:04.0', '2019-08-14 19:05:04.0', '6ce4ac4cd176bdf3e818fab7ea9ce4fc');
INSERT INTO `welab_skyeye`.`dbus_processor`(`id`, `topo_id`, `exe_period`, `type`, `seq_num`, `state`, `gmt_create`, `gmt_modified`, `info_hash`) VALUES (368474241038831617, 263769088281542656, 1, 'caseSaveAs', 2, 1, '2019-08-14 19:05:04.0', '2019-08-14 19:05:04.0', 'ae1e27138ae494eaeb9d1936fb9b77be');
INSERT INTO `welab_skyeye`.`dbus_processor`(`id`, `topo_id`, `exe_period`, `type`, `seq_num`, `state`, `gmt_create`, `gmt_modified`, `info_hash`) VALUES (368474241038831618, 263769088281542656, 1, 'saveAs', 3, 1, '2019-08-14 19:05:04.0', '2019-08-14 19:05:04.0', '6a2010b155ba4d90edd02cdc46329ffa');
INSERT INTO `welab_skyeye`.`dbus_processor`(`id`, `topo_id`, `exe_period`, `type`, `seq_num`, `state`, `gmt_create`, `gmt_modified`, `info_hash`) VALUES (368474241038831619, 263769088281542656, 1, 'select', 4, 1, '2019-08-14 19:05:04.0', '2019-08-14 19:05:04.0', '6ce4ac4cd176bdf3e818fab7ea9ce4fc');
INSERT INTO `welab_skyeye`.`dbus_processor`(`id`, `topo_id`, `exe_period`, `type`, `seq_num`, `state`, `gmt_create`, `gmt_modified`, `info_hash`) VALUES (368474241038831620, 263769088281542656, 1, 'saveAs', 5, 1, '2019-08-14 19:05:04.0', '2019-08-14 19:05:04.0', '6a2010b155ba4d90edd02cdc46329ffa');
INSERT INTO `welab_skyeye`.`dbus_processor`(`id`, `topo_id`, `exe_period`, `type`, `seq_num`, `state`, `gmt_create`, `gmt_modified`, `info_hash`) VALUES (368474241038831621, 263769088281542656, 1, 'bigDecimal', 6, 1, '2019-08-14 19:05:04.0', '2019-08-14 19:05:04.0', '6a2010b155ba4d90edd02cdc46329ffa');
INSERT INTO `welab_skyeye`.`dbus_processor`(`id`, `topo_id`, `exe_period`, `type`, `seq_num`, `state`, `gmt_create`, `gmt_modified`, `info_hash`) VALUES (368474241038831622, 263769088281542656, 1, 'convertDataType', 7, 1, '2019-08-14 19:05:04.0', '2019-08-14 19:05:04.0', '6a2010b155ba4d90edd02cdc46329ffa');
INSERT INTO `welab_skyeye`.`dbus_processor`(`id`, `topo_id`, `exe_period`, `type`, `seq_num`, `state`, `gmt_create`, `gmt_modified`, `info_hash`) VALUES (368474241038831623, 263769088281542656, 1, 'dateTruncate', 8, 1, '2019-08-14 19:05:04.0', '2019-08-14 19:05:04.0', 'a1d72586b3cb15d1862590bac151859a');
INSERT INTO `welab_skyeye`.`dbus_processor`(`id`, `topo_id`, `exe_period`, `type`, `seq_num`, `state`, `gmt_create`, `gmt_modified`, `info_hash`) VALUES (368474241038831624, 263769088281542656, 1, 'numerical', 9, 1, '2019-08-14 19:05:04.0', '2019-08-14 19:05:04.0', '6a2010b155ba4d90edd02cdc46329ffa');
INSERT INTO `welab_skyeye`.`dbus_processor`(`id`, `topo_id`, `exe_period`, `type`, `seq_num`, `state`, `gmt_create`, `gmt_modified`, `info_hash`) VALUES (368474241038831625, 263769088281542656, 1, 'addDate', 10, 1, '2019-08-14 19:05:04.0', '2019-08-14 19:05:04.0', 'ed4a30cef46b4efb361e819bb6b6749e');
INSERT INTO `welab_skyeye`.`dbus_processor`(`id`, `topo_id`, `exe_period`, `type`, `seq_num`, `state`, `gmt_create`, `gmt_modified`, `info_hash`) VALUES (368474241038831626, 263769088281542656, 1, 'dateTruncate', 11, 1, '2019-08-14 19:05:04.0', '2019-08-14 19:05:04.0', 'a1d72586b3cb15d1862590bac151859a');
INSERT INTO `welab_skyeye`.`dbus_processor`(`id`, `topo_id`, `exe_period`, `type`, `seq_num`, `state`, `gmt_create`, `gmt_modified`, `info_hash`) VALUES (368474241038831627, 263769088281542656, 1, 'saveAs', 12, 1, '2019-08-14 19:05:04.0', '2019-08-14 19:05:04.0', '6a2010b155ba4d90edd02cdc46329ffa');
INSERT INTO `welab_skyeye`.`dbus_processor`(`id`, `topo_id`, `exe_period`, `type`, `seq_num`, `state`, `gmt_create`, `gmt_modified`, `info_hash`) VALUES (368474241038831628, 263769088281542656, 1, 'hash', 13, 1, '2019-08-14 19:05:04.0', '2019-08-14 19:05:04.0', '6a2010b155ba4d90edd02cdc46329ffa');
INSERT INTO `welab_skyeye`.`dbus_processor`(`id`, `topo_id`, `exe_period`, `type`, `seq_num`, `state`, `gmt_create`, `gmt_modified`, `info_hash`) VALUES (368474241038831629, 263769088281542656, 1, 'select', 14, 1, '2019-08-14 19:05:04.0', '2019-08-14 19:05:04.0', '6ce4ac4cd176bdf3e818fab7ea9ce4fc');
INSERT INTO `welab_skyeye`.`dbus_processor`(`id`, `topo_id`, `exe_period`, `type`, `seq_num`, `state`, `gmt_create`, `gmt_modified`, `info_hash`) VALUES (368474241038831630, 263769088281542656, 1, 'replaceKv', 15, 1, '2019-08-14 19:05:04.0', '2019-08-14 19:05:04.0', '6a2010b155ba4d90edd02cdc46329ffa');

INSERT INTO `welab_skyeye`.`dbus_processor`(`id`, `topo_id`, `exe_period`, `type`, `seq_num`, `state`, `gmt_create`, `gmt_modified`, `info_hash`) VALUES (368474164736036864, 263768838514933760, 1, 'select', 1, 1, '2019-08-14 19:04:46.0', '2019-08-14 19:04:46.0', '6ce4ac4cd176bdf3e818fab7ea9ce4fc');
INSERT INTO `welab_skyeye`.`dbus_processor`(`id`, `topo_id`, `exe_period`, `type`, `seq_num`, `state`, `gmt_create`, `gmt_modified`, `info_hash`) VALUES (368474164736036865, 263768838514933760, 1, 'caseSaveAs', 2, 1, '2019-08-14 19:04:46.0', '2019-08-14 19:04:46.0', 'ae1e27138ae494eaeb9d1936fb9b77be');
INSERT INTO `welab_skyeye`.`dbus_processor`(`id`, `topo_id`, `exe_period`, `type`, `seq_num`, `state`, `gmt_create`, `gmt_modified`, `info_hash`) VALUES (368474164736036866, 263768838514933760, 1, 'saveAs', 3, 1, '2019-08-14 19:04:46.0', '2019-08-14 19:04:46.0', '6a2010b155ba4d90edd02cdc46329ffa');
INSERT INTO `welab_skyeye`.`dbus_processor`(`id`, `topo_id`, `exe_period`, `type`, `seq_num`, `state`, `gmt_create`, `gmt_modified`, `info_hash`) VALUES (368474164736036867, 263768838514933760, 1, 'select', 4, 1, '2019-08-14 19:04:46.0', '2019-08-14 19:04:46.0', '6ce4ac4cd176bdf3e818fab7ea9ce4fc');
INSERT INTO `welab_skyeye`.`dbus_processor`(`id`, `topo_id`, `exe_period`, `type`, `seq_num`, `state`, `gmt_create`, `gmt_modified`, `info_hash`) VALUES (368474164736036868, 263768838514933760, 1, 'saveAs', 5, 1, '2019-08-14 19:04:46.0', '2019-08-14 19:04:46.0', '6a2010b155ba4d90edd02cdc46329ffa');
INSERT INTO `welab_skyeye`.`dbus_processor`(`id`, `topo_id`, `exe_period`, `type`, `seq_num`, `state`, `gmt_create`, `gmt_modified`, `info_hash`) VALUES (368474164736036869, 263768838514933760, 1, 'bigDecimal', 6, 1, '2019-08-14 19:04:46.0', '2019-08-14 19:04:46.0', '6a2010b155ba4d90edd02cdc46329ffa');
INSERT INTO `welab_skyeye`.`dbus_processor`(`id`, `topo_id`, `exe_period`, `type`, `seq_num`, `state`, `gmt_create`, `gmt_modified`, `info_hash`) VALUES (368474164736036870, 263768838514933760, 1, 'convertDataType', 7, 1, '2019-08-14 19:04:46.0', '2019-08-14 19:04:46.0', '6a2010b155ba4d90edd02cdc46329ffa');
INSERT INTO `welab_skyeye`.`dbus_processor`(`id`, `topo_id`, `exe_period`, `type`, `seq_num`, `state`, `gmt_create`, `gmt_modified`, `info_hash`) VALUES (368474164736036871, 263768838514933760, 1, 'dateTruncate', 8, 1, '2019-08-14 19:04:46.0', '2019-08-14 19:04:46.0', 'a1d72586b3cb15d1862590bac151859a');
INSERT INTO `welab_skyeye`.`dbus_processor`(`id`, `topo_id`, `exe_period`, `type`, `seq_num`, `state`, `gmt_create`, `gmt_modified`, `info_hash`) VALUES (368474164736036872, 263768838514933760, 1, 'numerical', 9, 1, '2019-08-14 19:04:46.0', '2019-08-14 19:04:46.0', '6a2010b155ba4d90edd02cdc46329ffa');
INSERT INTO `welab_skyeye`.`dbus_processor`(`id`, `topo_id`, `exe_period`, `type`, `seq_num`, `state`, `gmt_create`, `gmt_modified`, `info_hash`) VALUES (368474164736036873, 263768838514933760, 1, 'addDate', 10, 1, '2019-08-14 19:04:46.0', '2019-08-14 19:04:46.0', 'ed4a30cef46b4efb361e819bb6b6749e');
INSERT INTO `welab_skyeye`.`dbus_processor`(`id`, `topo_id`, `exe_period`, `type`, `seq_num`, `state`, `gmt_create`, `gmt_modified`, `info_hash`) VALUES (368474164736036874, 263768838514933760, 1, 'dateTruncate', 11, 1, '2019-08-14 19:04:46.0', '2019-08-14 19:04:46.0', 'a1d72586b3cb15d1862590bac151859a');
INSERT INTO `welab_skyeye`.`dbus_processor`(`id`, `topo_id`, `exe_period`, `type`, `seq_num`, `state`, `gmt_create`, `gmt_modified`, `info_hash`) VALUES (368474164736036875, 263768838514933760, 1, 'saveAs', 12, 1, '2019-08-14 19:04:46.0', '2019-08-14 19:04:46.0', '6a2010b155ba4d90edd02cdc46329ffa');
INSERT INTO `welab_skyeye`.`dbus_processor`(`id`, `topo_id`, `exe_period`, `type`, `seq_num`, `state`, `gmt_create`, `gmt_modified`, `info_hash`) VALUES (368474164736036876, 263768838514933760, 1, 'hash', 13, 1, '2019-08-14 19:04:46.0', '2019-08-14 19:04:46.0', '6a2010b155ba4d90edd02cdc46329ffa');
INSERT INTO `welab_skyeye`.`dbus_processor`(`id`, `topo_id`, `exe_period`, `type`, `seq_num`, `state`, `gmt_create`, `gmt_modified`, `info_hash`) VALUES (368474164736036877, 263768838514933760, 1, 'select', 14, 1, '2019-08-14 19:04:46.0', '2019-08-14 19:04:46.0', '6ce4ac4cd176bdf3e818fab7ea9ce4fc');
INSERT INTO `welab_skyeye`.`dbus_processor`(`id`, `topo_id`, `exe_period`, `type`, `seq_num`, `state`, `gmt_create`, `gmt_modified`, `info_hash`) VALUES (368474164736036878, 263768838514933760, 1, 'replaceKv', 15, 1, '2019-08-14 19:04:46.0', '2019-08-14 19:04:46.0', '6a2010b155ba4d90edd02cdc46329ffa');

INSERT INTO `welab_skyeye`.`dbus_processor`(`id`, `topo_id`, `exe_period`, `type`, `seq_num`, `state`, `gmt_create`, `gmt_modified`, `info_hash`) VALUES (409350831226224640, 409287678425563136, 1, 'caseSaveAs', 1, 1, '2019-12-05 14:14:03', '2019-12-05 14:14:03', 'ae1e27138ae494eaeb9d1936fb9b77be');
INSERT INTO `welab_skyeye`.`dbus_processor`(`id`, `topo_id`, `exe_period`, `type`, `seq_num`, `state`, `gmt_create`, `gmt_modified`, `info_hash`) VALUES (409350831226224641, 409287678425563136, 1, 'saveAs', 2, 1, '2019-12-05 14:14:03', '2019-12-05 14:14:03', '6a2010b155ba4d90edd02cdc46329ffa');
INSERT INTO `welab_skyeye`.`dbus_processor`(`id`, `topo_id`, `exe_period`, `type`, `seq_num`, `state`, `gmt_create`, `gmt_modified`, `info_hash`) VALUES (409350831226224642, 409287678425563136, 1, 'select', 3, 1, '2019-12-05 14:14:03', '2019-12-05 14:14:03', '6ce4ac4cd176bdf3e818fab7ea9ce4fc');
INSERT INTO `welab_skyeye`.`dbus_processor`(`id`, `topo_id`, `exe_period`, `type`, `seq_num`, `state`, `gmt_create`, `gmt_modified`, `info_hash`) VALUES (409350831226224643, 409287678425563136, 1, 'saveAs', 4, 1, '2019-12-05 14:14:03', '2019-12-05 14:14:03', '6a2010b155ba4d90edd02cdc46329ffa');
INSERT INTO `welab_skyeye`.`dbus_processor`(`id`, `topo_id`, `exe_period`, `type`, `seq_num`, `state`, `gmt_create`, `gmt_modified`, `info_hash`) VALUES (409350831226224644, 409287678425563136, 1, 'bigDecimal', 5, 1, '2019-12-05 14:14:03', '2019-12-05 14:14:03', '6a2010b155ba4d90edd02cdc46329ffa');
INSERT INTO `welab_skyeye`.`dbus_processor`(`id`, `topo_id`, `exe_period`, `type`, `seq_num`, `state`, `gmt_create`, `gmt_modified`, `info_hash`) VALUES (409350831226224645, 409287678425563136, 1, 'convertDataType', 6, 1, '2019-12-05 14:14:03', '2019-12-05 14:14:03', '6a2010b155ba4d90edd02cdc46329ffa');
INSERT INTO `welab_skyeye`.`dbus_processor`(`id`, `topo_id`, `exe_period`, `type`, `seq_num`, `state`, `gmt_create`, `gmt_modified`, `info_hash`) VALUES (409350831226224646, 409287678425563136, 1, 'dateTruncate', 7, 1, '2019-12-05 14:14:03', '2019-12-05 14:14:03', 'a1d72586b3cb15d1862590bac151859a');
INSERT INTO `welab_skyeye`.`dbus_processor`(`id`, `topo_id`, `exe_period`, `type`, `seq_num`, `state`, `gmt_create`, `gmt_modified`, `info_hash`) VALUES (409350831226224647, 409287678425563136, 1, 'numerical', 8, 1, '2019-12-05 14:14:03', '2019-12-05 14:14:03', '6a2010b155ba4d90edd02cdc46329ffa');
INSERT INTO `welab_skyeye`.`dbus_processor`(`id`, `topo_id`, `exe_period`, `type`, `seq_num`, `state`, `gmt_create`, `gmt_modified`, `info_hash`) VALUES (409350831226224648, 409287678425563136, 1, 'addDate', 9, 1, '2019-12-05 14:14:03', '2019-12-05 14:14:03', 'ed4a30cef46b4efb361e819bb6b6749e');
INSERT INTO `welab_skyeye`.`dbus_processor`(`id`, `topo_id`, `exe_period`, `type`, `seq_num`, `state`, `gmt_create`, `gmt_modified`, `info_hash`) VALUES (409350831226224649, 409287678425563136, 1, 'dateTruncate', 10, 1, '2019-12-05 14:14:03', '2019-12-05 14:14:03', 'a1d72586b3cb15d1862590bac151859a');
INSERT INTO `welab_skyeye`.`dbus_processor`(`id`, `topo_id`, `exe_period`, `type`, `seq_num`, `state`, `gmt_create`, `gmt_modified`, `info_hash`) VALUES (409350831226224650, 409287678425563136, 1, 'saveAs', 11, 1, '2019-12-05 14:14:03', '2019-12-05 14:14:03', '6a2010b155ba4d90edd02cdc46329ffa');
INSERT INTO `welab_skyeye`.`dbus_processor`(`id`, `topo_id`, `exe_period`, `type`, `seq_num`, `state`, `gmt_create`, `gmt_modified`, `info_hash`) VALUES (409350831226224651, 409287678425563136, 1, 'hash', 12, 1, '2019-12-05 14:14:03', '2019-12-05 14:14:03', '6a2010b155ba4d90edd02cdc46329ffa');
INSERT INTO `welab_skyeye`.`dbus_processor`(`id`, `topo_id`, `exe_period`, `type`, `seq_num`, `state`, `gmt_create`, `gmt_modified`, `info_hash`) VALUES (409350831226224652, 409287678425563136, 1, 'select', 13, 1, '2019-12-05 14:14:03', '2019-12-05 14:14:03', '6ce4ac4cd176bdf3e818fab7ea9ce4fc');
INSERT INTO `welab_skyeye`.`dbus_processor`(`id`, `topo_id`, `exe_period`, `type`, `seq_num`, `state`, `gmt_create`, `gmt_modified`, `info_hash`) VALUES (409350831226224653, 409287678425563136, 1, 'replaceKv', 14, 1, '2019-12-05 14:14:03', '2019-12-05 14:14:03', '6a2010b155ba4d90edd02cdc46329ffa');


INSERT INTO `welab_skyeye`.`dbus_processor_assist`(`id`, `processor_id`, `assist_type`, `value`, `state`, `gmt_create`, `gmt_modified`) VALUES (368474164757008384, 368474164736036864, 1, 'payload|ums_id_', 1, '2019-08-14 19:04:46.0', '2019-08-14 19:04:46.0');
INSERT INTO `welab_skyeye`.`dbus_processor_assist`(`id`, `processor_id`, `assist_type`, `value`, `state`, `gmt_create`, `gmt_modified`) VALUES (368474164757008385, 368474164736036865, 1, 'payload.op', 1, '2019-08-14 19:04:46.0', '2019-08-14 19:04:46.0');
INSERT INTO `welab_skyeye`.`dbus_processor_assist`(`id`, `processor_id`, `assist_type`, `value`, `state`, `gmt_create`, `gmt_modified`) VALUES (368474164757008386, 368474164736036865, 2, 'data', 1, '2019-08-14 19:04:46.0', '2019-08-14 19:04:46.0');
INSERT INTO `welab_skyeye`.`dbus_processor_assist`(`id`, `processor_id`, `assist_type`, `value`, `state`, `gmt_create`, `gmt_modified`) VALUES (368474164757008387, 368474164736036865, 3, 'd:payload.before|payload.after', 1, '2019-08-14 19:04:46.0', '2019-08-14 19:04:46.0');
INSERT INTO `welab_skyeye`.`dbus_processor_assist`(`id`, `processor_id`, `assist_type`, `value`, `state`, `gmt_create`, `gmt_modified`) VALUES (368474164757008388, 368474164736036866, 1, 'payload.op', 1, '2019-08-14 19:04:46.0', '2019-08-14 19:04:46.0');
INSERT INTO `welab_skyeye`.`dbus_processor_assist`(`id`, `processor_id`, `assist_type`, `value`, `state`, `gmt_create`, `gmt_modified`) VALUES (368474164757008389, 368474164736036866, 2, 'op', 1, '2019-08-14 19:04:46.0', '2019-08-14 19:04:46.0');
INSERT INTO `welab_skyeye`.`dbus_processor_assist`(`id`, `processor_id`, `assist_type`, `value`, `state`, `gmt_create`, `gmt_modified`) VALUES (368474164757008390, 368474164736036867, 1, '__select_field_name_', 1, '2019-08-14 19:04:46.0', '2019-08-14 19:04:46.0');
INSERT INTO `welab_skyeye`.`dbus_processor_assist`(`id`, `processor_id`, `assist_type`, `value`, `state`, `gmt_create`, `gmt_modified`) VALUES (368474164757008391, 368474164736036868, 1, 'ums_id_', 1, '2019-08-14 19:04:46.0', '2019-08-14 19:04:46.0');
INSERT INTO `welab_skyeye`.`dbus_processor_assist`(`id`, `processor_id`, `assist_type`, `value`, `state`, `gmt_create`, `gmt_modified`) VALUES (368474164757008392, 368474164736036868, 2, 'data.ums_id_', 1, '2019-08-14 19:04:46.0', '2019-08-14 19:04:46.0');
INSERT INTO `welab_skyeye`.`dbus_processor_assist`(`id`, `processor_id`, `assist_type`, `value`, `state`, `gmt_create`, `gmt_modified`) VALUES (368474164757008393, 368474164736036869, 1, 'data.__decimal_field_', 1, '2019-08-14 19:04:46.0', '2019-08-14 19:04:46.0');
INSERT INTO `welab_skyeye`.`dbus_processor_assist`(`id`, `processor_id`, `assist_type`, `value`, `state`, `gmt_create`, `gmt_modified`) VALUES (368474164757008394, 368474164736036869, 2, 'data.__decimal_field_', 1, '2019-08-14 19:04:46.0', '2019-08-14 19:04:46.0');
INSERT INTO `welab_skyeye`.`dbus_processor_assist`(`id`, `processor_id`, `assist_type`, `value`, `state`, `gmt_create`, `gmt_modified`) VALUES (368474164757008395, 368474164736036870, 1, 'data.__tinyint_bool_field_init_', 1, '2019-08-14 19:04:46.0', '2019-08-14 19:04:46.0');
INSERT INTO `welab_skyeye`.`dbus_processor_assist`(`id`, `processor_id`, `assist_type`, `value`, `state`, `gmt_create`, `gmt_modified`) VALUES (368474164757008396, 368474164736036870, 3, 'tinyint', 1, '2019-08-14 19:04:46.0', '2019-08-14 19:04:46.0');
INSERT INTO `welab_skyeye`.`dbus_processor_assist`(`id`, `processor_id`, `assist_type`, `value`, `state`, `gmt_create`, `gmt_modified`) VALUES (368474164757008397, 368474164736036871, 1, 'data.__field_datetime_', 1, '2019-08-14 19:04:46.0', '2019-08-14 19:04:46.0');
INSERT INTO `welab_skyeye`.`dbus_processor_assist`(`id`, `processor_id`, `assist_type`, `value`, `state`, `gmt_create`, `gmt_modified`) VALUES (368474164757008398, 368474164736036871, 2, 'data.__field_datetime_', 1, '2019-08-14 19:04:46.0', '2019-08-14 19:04:46.0');
INSERT INTO `welab_skyeye`.`dbus_processor_assist`(`id`, `processor_id`, `assist_type`, `value`, `state`, `gmt_create`, `gmt_modified`) VALUES (368474164757008399, 368474164736036871, 3, ',second', 1, '2019-08-14 19:04:46.0', '2019-08-14 19:04:46.0');
INSERT INTO `welab_skyeye`.`dbus_processor_assist`(`id`, `processor_id`, `assist_type`, `value`, `state`, `gmt_create`, `gmt_modified`) VALUES (368474164757008400, 368474164736036872, 1, 'data.__time_zone_field_init_', 1, '2019-08-14 19:04:46.0', '2019-08-14 19:04:46.0');
INSERT INTO `welab_skyeye`.`dbus_processor_assist`(`id`, `processor_id`, `assist_type`, `value`, `state`, `gmt_create`, `gmt_modified`) VALUES (368474164757008401, 368474164736036872, 3, '', 1, '2019-08-14 19:04:46.0', '2019-08-14 19:04:46.0');
INSERT INTO `welab_skyeye`.`dbus_processor_assist`(`id`, `processor_id`, `assist_type`, `value`, `state`, `gmt_create`, `gmt_modified`) VALUES (368474164757008402, 368474164736036873, 2, 'event_time_tmp', 1, '2019-08-14 19:04:46.0', '2019-08-14 19:04:46.0');
INSERT INTO `welab_skyeye`.`dbus_processor_assist`(`id`, `processor_id`, `assist_type`, `value`, `state`, `gmt_create`, `gmt_modified`) VALUES (368474164757008403, 368474164736036873, 3, 'number', 1, '2019-08-14 19:04:46.0', '2019-08-14 19:04:46.0');
INSERT INTO `welab_skyeye`.`dbus_processor_assist`(`id`, `processor_id`, `assist_type`, `value`, `state`, `gmt_create`, `gmt_modified`) VALUES (368474164757008404, 368474164736036874, 1, 'event_time_tmp|event_time_tmp|event_time_tmp|event_time_tmp|event_time_tmp|event_time_tmp', 1, '2019-08-14 19:04:46.0', '2019-08-14 19:04:46.0');
INSERT INTO `welab_skyeye`.`dbus_processor_assist`(`id`, `processor_id`, `assist_type`, `value`, `state`, `gmt_create`, `gmt_modified`) VALUES (368474164757008405, 368474164736036874, 2, 'data.event_time|data.event_time_hour|data.event_time_minute|data.event_time_day|data.event_time_week|data.event_time_month', 1, '2019-08-14 19:04:46.0', '2019-08-14 19:04:46.0');
INSERT INTO `welab_skyeye`.`dbus_processor_assist`(`id`, `processor_id`, `assist_type`, `value`, `state`, `gmt_create`, `gmt_modified`) VALUES (368474164757008406, 368474164736036874, 3, ',second|hour,second|minute,second|day,second|week,second|month,second', 1, '2019-08-14 19:04:46.0', '2019-08-14 19:04:46.0');
INSERT INTO `welab_skyeye`.`dbus_processor_assist`(`id`, `processor_id`, `assist_type`, `value`, `state`, `gmt_create`, `gmt_modified`) VALUES (368474164757008407, 368474164736036875, 1, 'data.__copy_field_init_', 1, '2019-08-14 19:04:46.0', '2019-08-14 19:04:46.0');
INSERT INTO `welab_skyeye`.`dbus_processor_assist`(`id`, `processor_id`, `assist_type`, `value`, `state`, `gmt_create`, `gmt_modified`) VALUES (368474164757008408, 368474164736036875, 2, 'data.__copy_field_init_', 1, '2019-08-14 19:04:46.0', '2019-08-14 19:04:46.0');
INSERT INTO `welab_skyeye`.`dbus_processor_assist`(`id`, `processor_id`, `assist_type`, `value`, `state`, `gmt_create`, `gmt_modified`) VALUES (368474164757008409, 368474164736036876, 1, 'data.__copy_field_hash_init_', 1, '2019-08-14 19:04:46.0', '2019-08-14 19:04:46.0');
INSERT INTO `welab_skyeye`.`dbus_processor_assist`(`id`, `processor_id`, `assist_type`, `value`, `state`, `gmt_create`, `gmt_modified`) VALUES (368474164757008410, 368474164736036876, 2, 'data.__copy_field_hash_init_', 1, '2019-08-14 19:04:46.0', '2019-08-14 19:04:46.0');
INSERT INTO `welab_skyeye`.`dbus_processor_assist`(`id`, `processor_id`, `assist_type`, `value`, `state`, `gmt_create`, `gmt_modified`) VALUES (368474164757008411, 368474164736036877, 1, 'op|data', 1, '2019-08-14 19:04:46.0', '2019-08-14 19:04:46.0');
INSERT INTO `welab_skyeye`.`dbus_processor_assist`(`id`, `processor_id`, `assist_type`, `value`, `state`, `gmt_create`, `gmt_modified`) VALUES (368474164757008412, 368474164736036878, 2, 'target_db_name|target_table_name|source_db_name|source_table_name|merge_table_|primary_key', 1, '2019-08-14 19:04:46.0', '2019-08-14 19:04:46.0');
INSERT INTO `welab_skyeye`.`dbus_processor_assist`(`id`, `processor_id`, `assist_type`, `value`, `state`, `gmt_create`, `gmt_modified`) VALUES (368474164757008413, 368474164736036878, 3, 'database_name', 1, '2019-08-14 19:04:46.0', '2019-08-14 19:04:46.0');
INSERT INTO `welab_skyeye`.`dbus_processor_assist`(`id`, `processor_id`, `assist_type`, `value`, `state`, `gmt_create`, `gmt_modified`) VALUES (368474241055608832, 368474241038831616, 1, 'payload|ums_id_', 1, '2019-08-14 19:05:04.0', '2019-08-14 19:05:04.0');
INSERT INTO `welab_skyeye`.`dbus_processor_assist`(`id`, `processor_id`, `assist_type`, `value`, `state`, `gmt_create`, `gmt_modified`) VALUES (368474241055608833, 368474241038831617, 1, 'payload.op', 1, '2019-08-14 19:05:04.0', '2019-08-14 19:05:04.0');
INSERT INTO `welab_skyeye`.`dbus_processor_assist`(`id`, `processor_id`, `assist_type`, `value`, `state`, `gmt_create`, `gmt_modified`) VALUES (368474241059803136, 368474241038831617, 2, 'data', 1, '2019-08-14 19:05:04.0', '2019-08-14 19:05:04.0');
INSERT INTO `welab_skyeye`.`dbus_processor_assist`(`id`, `processor_id`, `assist_type`, `value`, `state`, `gmt_create`, `gmt_modified`) VALUES (368474241059803137, 368474241038831617, 3, 'd:payload.before|payload.after', 1, '2019-08-14 19:05:04.0', '2019-08-14 19:05:04.0');
INSERT INTO `welab_skyeye`.`dbus_processor_assist`(`id`, `processor_id`, `assist_type`, `value`, `state`, `gmt_create`, `gmt_modified`) VALUES (368474241059803138, 368474241038831618, 1, 'payload.op', 1, '2019-08-14 19:05:04.0', '2019-08-14 19:05:04.0');
INSERT INTO `welab_skyeye`.`dbus_processor_assist`(`id`, `processor_id`, `assist_type`, `value`, `state`, `gmt_create`, `gmt_modified`) VALUES (368474241059803139, 368474241038831618, 2, 'op', 1, '2019-08-14 19:05:04.0', '2019-08-14 19:05:04.0');
INSERT INTO `welab_skyeye`.`dbus_processor_assist`(`id`, `processor_id`, `assist_type`, `value`, `state`, `gmt_create`, `gmt_modified`) VALUES (368474241059803140, 368474241038831619, 1, '__select_field_name_', 1, '2019-08-14 19:05:04.0', '2019-08-14 19:05:04.0');
INSERT INTO `welab_skyeye`.`dbus_processor_assist`(`id`, `processor_id`, `assist_type`, `value`, `state`, `gmt_create`, `gmt_modified`) VALUES (368474241059803141, 368474241038831620, 1, 'ums_id_', 1, '2019-08-14 19:05:04.0', '2019-08-14 19:05:04.0');
INSERT INTO `welab_skyeye`.`dbus_processor_assist`(`id`, `processor_id`, `assist_type`, `value`, `state`, `gmt_create`, `gmt_modified`) VALUES (368474241059803142, 368474241038831620, 2, 'data.ums_id_', 1, '2019-08-14 19:05:04.0', '2019-08-14 19:05:04.0');
INSERT INTO `welab_skyeye`.`dbus_processor_assist`(`id`, `processor_id`, `assist_type`, `value`, `state`, `gmt_create`, `gmt_modified`) VALUES (368474241059803143, 368474241038831621, 1, 'data.__decimal_field_', 1, '2019-08-14 19:05:04.0', '2019-08-14 19:05:04.0');
INSERT INTO `welab_skyeye`.`dbus_processor_assist`(`id`, `processor_id`, `assist_type`, `value`, `state`, `gmt_create`, `gmt_modified`) VALUES (368474241059803144, 368474241038831621, 2, 'data.__decimal_field_', 1, '2019-08-14 19:05:04.0', '2019-08-14 19:05:04.0');
INSERT INTO `welab_skyeye`.`dbus_processor_assist`(`id`, `processor_id`, `assist_type`, `value`, `state`, `gmt_create`, `gmt_modified`) VALUES (368474241059803145, 368474241038831622, 1, 'data.__tinyint_bool_field_init_', 1, '2019-08-14 19:05:04.0', '2019-08-14 19:05:04.0');
INSERT INTO `welab_skyeye`.`dbus_processor_assist`(`id`, `processor_id`, `assist_type`, `value`, `state`, `gmt_create`, `gmt_modified`) VALUES (368474241059803146, 368474241038831622, 3, 'tinyint', 1, '2019-08-14 19:05:04.0', '2019-08-14 19:05:04.0');
INSERT INTO `welab_skyeye`.`dbus_processor_assist`(`id`, `processor_id`, `assist_type`, `value`, `state`, `gmt_create`, `gmt_modified`) VALUES (368474241059803147, 368474241038831623, 1, 'data.__field_datetime_', 1, '2019-08-14 19:05:04.0', '2019-08-14 19:05:04.0');
INSERT INTO `welab_skyeye`.`dbus_processor_assist`(`id`, `processor_id`, `assist_type`, `value`, `state`, `gmt_create`, `gmt_modified`) VALUES (368474241059803148, 368474241038831623, 2, 'data.__field_datetime_', 1, '2019-08-14 19:05:04.0', '2019-08-14 19:05:04.0');
INSERT INTO `welab_skyeye`.`dbus_processor_assist`(`id`, `processor_id`, `assist_type`, `value`, `state`, `gmt_create`, `gmt_modified`) VALUES (368474241059803149, 368474241038831623, 3, ',second', 1, '2019-08-14 19:05:04.0', '2019-08-14 19:05:04.0');
INSERT INTO `welab_skyeye`.`dbus_processor_assist`(`id`, `processor_id`, `assist_type`, `value`, `state`, `gmt_create`, `gmt_modified`) VALUES (368474241059803150, 368474241038831624, 1, 'data.__time_zone_field_init_', 1, '2019-08-14 19:05:04.0', '2019-08-14 19:05:04.0');
INSERT INTO `welab_skyeye`.`dbus_processor_assist`(`id`, `processor_id`, `assist_type`, `value`, `state`, `gmt_create`, `gmt_modified`) VALUES (368474241059803151, 368474241038831624, 3, '', 1, '2019-08-14 19:05:04.0', '2019-08-14 19:05:04.0');
INSERT INTO `welab_skyeye`.`dbus_processor_assist`(`id`, `processor_id`, `assist_type`, `value`, `state`, `gmt_create`, `gmt_modified`) VALUES (368474241059803152, 368474241038831625, 2, 'event_time_tmp', 1, '2019-08-14 19:05:04.0', '2019-08-14 19:05:04.0');
INSERT INTO `welab_skyeye`.`dbus_processor_assist`(`id`, `processor_id`, `assist_type`, `value`, `state`, `gmt_create`, `gmt_modified`) VALUES (368474241059803153, 368474241038831625, 3, 'number', 1, '2019-08-14 19:05:04.0', '2019-08-14 19:05:04.0');
INSERT INTO `welab_skyeye`.`dbus_processor_assist`(`id`, `processor_id`, `assist_type`, `value`, `state`, `gmt_create`, `gmt_modified`) VALUES (368474241059803154, 368474241038831626, 1, 'event_time_tmp|event_time_tmp|event_time_tmp|event_time_tmp|event_time_tmp|event_time_tmp', 1, '2019-08-14 19:05:04.0', '2019-08-14 19:05:04.0');
INSERT INTO `welab_skyeye`.`dbus_processor_assist`(`id`, `processor_id`, `assist_type`, `value`, `state`, `gmt_create`, `gmt_modified`) VALUES (368474241059803155, 368474241038831626, 2, 'data.event_time|data.event_time_hour|data.event_time_minute|data.event_time_day|data.event_time_week|data.event_time_month', 1, '2019-08-14 19:05:04.0', '2019-08-14 19:05:04.0');
INSERT INTO `welab_skyeye`.`dbus_processor_assist`(`id`, `processor_id`, `assist_type`, `value`, `state`, `gmt_create`, `gmt_modified`) VALUES (368474241059803156, 368474241038831626, 3, ',second|hour,second|minute,second|day,second|week,second|month,second', 1, '2019-08-14 19:05:04.0', '2019-08-14 19:05:04.0');
INSERT INTO `welab_skyeye`.`dbus_processor_assist`(`id`, `processor_id`, `assist_type`, `value`, `state`, `gmt_create`, `gmt_modified`) VALUES (368474241059803157, 368474241038831627, 1, 'data.__copy_field_init_', 1, '2019-08-14 19:05:04.0', '2019-08-14 19:05:04.0');
INSERT INTO `welab_skyeye`.`dbus_processor_assist`(`id`, `processor_id`, `assist_type`, `value`, `state`, `gmt_create`, `gmt_modified`) VALUES (368474241059803158, 368474241038831627, 2, 'data.__copy_field_init_', 1, '2019-08-14 19:05:04.0', '2019-08-14 19:05:04.0');
INSERT INTO `welab_skyeye`.`dbus_processor_assist`(`id`, `processor_id`, `assist_type`, `value`, `state`, `gmt_create`, `gmt_modified`) VALUES (368474241059803159, 368474241038831628, 1, 'data.__copy_field_hash_init_', 1, '2019-08-14 19:05:04.0', '2019-08-14 19:05:04.0');
INSERT INTO `welab_skyeye`.`dbus_processor_assist`(`id`, `processor_id`, `assist_type`, `value`, `state`, `gmt_create`, `gmt_modified`) VALUES (368474241059803160, 368474241038831628, 2, 'data.__copy_field_hash_init_', 1, '2019-08-14 19:05:04.0', '2019-08-14 19:05:04.0');
INSERT INTO `welab_skyeye`.`dbus_processor_assist`(`id`, `processor_id`, `assist_type`, `value`, `state`, `gmt_create`, `gmt_modified`) VALUES (368474241059803161, 368474241038831629, 1, 'op|data', 1, '2019-08-14 19:05:04.0', '2019-08-14 19:05:04.0');
INSERT INTO `welab_skyeye`.`dbus_processor_assist`(`id`, `processor_id`, `assist_type`, `value`, `state`, `gmt_create`, `gmt_modified`) VALUES (368474241059803162, 368474241038831630, 2, 'target_db_name|target_table_name|source_db_name|source_table_name|merge_table_|primary_key', 1, '2019-08-14 19:05:04.0', '2019-08-14 19:05:04.0');
INSERT INTO `welab_skyeye`.`dbus_processor_assist`(`id`, `processor_id`, `assist_type`, `value`, `state`, `gmt_create`, `gmt_modified`) VALUES (368474241059803163, 368474241038831630, 3, 'database_name', 1, '2019-08-14 19:05:04.0', '2019-08-14 19:05:04.0');


INSERT INTO `welab_skyeye`.`dbus_processor_assist`(`id`, `processor_id`, `assist_type`, `value`, `state`, `gmt_create`, `gmt_modified`) VALUES (409350831263973376, 409350831226224640, 1, 'payload.op', 1, '2019-12-05 14:14:03', '2019-12-05 14:14:03');
INSERT INTO `welab_skyeye`.`dbus_processor_assist`(`id`, `processor_id`, `assist_type`, `value`, `state`, `gmt_create`, `gmt_modified`) VALUES (409350831263973377, 409350831226224640, 2, 'data', 1, '2019-12-05 14:14:03', '2019-12-05 14:14:03');
INSERT INTO `welab_skyeye`.`dbus_processor_assist`(`id`, `processor_id`, `assist_type`, `value`, `state`, `gmt_create`, `gmt_modified`) VALUES (409350831263973378, 409350831226224640, 3, 'd:payload.before|payload.after', 1, '2019-12-05 14:14:03', '2019-12-05 14:14:03');
INSERT INTO `welab_skyeye`.`dbus_processor_assist`(`id`, `processor_id`, `assist_type`, `value`, `state`, `gmt_create`, `gmt_modified`) VALUES (409350831263973379, 409350831226224641, 1, 'payload.op', 1, '2019-12-05 14:14:03', '2019-12-05 14:14:03');
INSERT INTO `welab_skyeye`.`dbus_processor_assist`(`id`, `processor_id`, `assist_type`, `value`, `state`, `gmt_create`, `gmt_modified`) VALUES (409350831263973380, 409350831226224641, 2, 'op', 1, '2019-12-05 14:14:03', '2019-12-05 14:14:03');
INSERT INTO `welab_skyeye`.`dbus_processor_assist`(`id`, `processor_id`, `assist_type`, `value`, `state`, `gmt_create`, `gmt_modified`) VALUES (409350831263973381, 409350831226224642, 1, '__select_field_name_', 1, '2019-12-05 14:14:03', '2019-12-05 14:14:03');
INSERT INTO `welab_skyeye`.`dbus_processor_assist`(`id`, `processor_id`, `assist_type`, `value`, `state`, `gmt_create`, `gmt_modified`) VALUES (409350831263973382, 409350831226224643, 1, 'ums_id_', 1, '2019-12-05 14:14:03', '2019-12-05 14:14:03');
INSERT INTO `welab_skyeye`.`dbus_processor_assist`(`id`, `processor_id`, `assist_type`, `value`, `state`, `gmt_create`, `gmt_modified`) VALUES (409350831263973383, 409350831226224643, 2, 'data.ums_id_', 1, '2019-12-05 14:14:03', '2019-12-05 14:14:03');
INSERT INTO `welab_skyeye`.`dbus_processor_assist`(`id`, `processor_id`, `assist_type`, `value`, `state`, `gmt_create`, `gmt_modified`) VALUES (409350831263973384, 409350831226224644, 1, 'data.__decimal_field_', 1, '2019-12-05 14:14:03', '2019-12-05 14:14:03');
INSERT INTO `welab_skyeye`.`dbus_processor_assist`(`id`, `processor_id`, `assist_type`, `value`, `state`, `gmt_create`, `gmt_modified`) VALUES (409350831263973385, 409350831226224644, 3, '', 1, '2019-12-05 14:14:03', '2019-12-05 14:14:03');
INSERT INTO `welab_skyeye`.`dbus_processor_assist`(`id`, `processor_id`, `assist_type`, `value`, `state`, `gmt_create`, `gmt_modified`) VALUES (409350831263973386, 409350831226224645, 1, 'data.__tinyint_bool_field_init_', 1, '2019-12-05 14:14:03', '2019-12-05 14:14:03');
INSERT INTO `welab_skyeye`.`dbus_processor_assist`(`id`, `processor_id`, `assist_type`, `value`, `state`, `gmt_create`, `gmt_modified`) VALUES (409350831263973387, 409350831226224645, 3, 'tinyint', 1, '2019-12-05 14:14:03', '2019-12-05 14:14:03');
INSERT INTO `welab_skyeye`.`dbus_processor_assist`(`id`, `processor_id`, `assist_type`, `value`, `state`, `gmt_create`, `gmt_modified`) VALUES (409350831263973388, 409350831226224646, 1, 'data.__field_datetime_', 1, '2019-12-05 14:14:03', '2019-12-05 14:14:03');
INSERT INTO `welab_skyeye`.`dbus_processor_assist`(`id`, `processor_id`, `assist_type`, `value`, `state`, `gmt_create`, `gmt_modified`) VALUES (409350831263973389, 409350831226224646, 2, 'data.__field_datetime_', 1, '2019-12-05 14:14:03', '2019-12-05 14:14:03');
INSERT INTO `welab_skyeye`.`dbus_processor_assist`(`id`, `processor_id`, `assist_type`, `value`, `state`, `gmt_create`, `gmt_modified`) VALUES (409350831263973390, 409350831226224646, 3, ',second', 1, '2019-12-05 14:14:03', '2019-12-05 14:14:03');
INSERT INTO `welab_skyeye`.`dbus_processor_assist`(`id`, `processor_id`, `assist_type`, `value`, `state`, `gmt_create`, `gmt_modified`) VALUES (409350831263973391, 409350831226224647, 1, 'data.__time_zone_field_init_', 1, '2019-12-05 14:14:03', '2019-12-05 14:14:03');
INSERT INTO `welab_skyeye`.`dbus_processor_assist`(`id`, `processor_id`, `assist_type`, `value`, `state`, `gmt_create`, `gmt_modified`) VALUES (409350831263973392, 409350831226224647, 3, '', 1, '2019-12-05 14:14:03', '2019-12-05 14:14:03');
INSERT INTO `welab_skyeye`.`dbus_processor_assist`(`id`, `processor_id`, `assist_type`, `value`, `state`, `gmt_create`, `gmt_modified`) VALUES (409350831263973393, 409350831226224648, 2, 'event_time_tmp', 1, '2019-12-05 14:14:03', '2019-12-05 14:14:03');
INSERT INTO `welab_skyeye`.`dbus_processor_assist`(`id`, `processor_id`, `assist_type`, `value`, `state`, `gmt_create`, `gmt_modified`) VALUES (409350831263973394, 409350831226224648, 3, 'number', 1, '2019-12-05 14:14:03', '2019-12-05 14:14:03');
INSERT INTO `welab_skyeye`.`dbus_processor_assist`(`id`, `processor_id`, `assist_type`, `value`, `state`, `gmt_create`, `gmt_modified`) VALUES (409350831263973395, 409350831226224649, 1, 'event_time_tmp|event_time_tmp|event_time_tmp|event_time_tmp|event_time_tmp|event_time_tmp', 1, '2019-12-05 14:14:03', '2019-12-05 14:14:03');
INSERT INTO `welab_skyeye`.`dbus_processor_assist`(`id`, `processor_id`, `assist_type`, `value`, `state`, `gmt_create`, `gmt_modified`) VALUES (409350831263973396, 409350831226224649, 2, 'data.event_time|data.event_time_hour|data.event_time_minute|data.event_time_day|data.event_time_week|data.event_time_month', 1, '2019-12-05 14:14:03', '2019-12-05 14:14:03');
INSERT INTO `welab_skyeye`.`dbus_processor_assist`(`id`, `processor_id`, `assist_type`, `value`, `state`, `gmt_create`, `gmt_modified`) VALUES (409350831263973397, 409350831226224649, 3, ',second|hour,second|minute,second|day,second|week,second|month,second', 1, '2019-12-05 14:14:03', '2019-12-05 14:14:03');
INSERT INTO `welab_skyeye`.`dbus_processor_assist`(`id`, `processor_id`, `assist_type`, `value`, `state`, `gmt_create`, `gmt_modified`) VALUES (409350831263973398, 409350831226224650, 1, 'data.__copy_field_init_', 1, '2019-12-05 14:14:03', '2019-12-05 14:14:03');
INSERT INTO `welab_skyeye`.`dbus_processor_assist`(`id`, `processor_id`, `assist_type`, `value`, `state`, `gmt_create`, `gmt_modified`) VALUES (409350831263973399, 409350831226224650, 2, 'data.__copy_field_init_', 1, '2019-12-05 14:14:03', '2019-12-05 14:14:03');
INSERT INTO `welab_skyeye`.`dbus_processor_assist`(`id`, `processor_id`, `assist_type`, `value`, `state`, `gmt_create`, `gmt_modified`) VALUES (409350831263973400, 409350831226224651, 1, 'data.__copy_field_hash_init_', 1, '2019-12-05 14:14:03', '2019-12-05 14:14:03');
INSERT INTO `welab_skyeye`.`dbus_processor_assist`(`id`, `processor_id`, `assist_type`, `value`, `state`, `gmt_create`, `gmt_modified`) VALUES (409350831263973401, 409350831226224651, 2, 'data.__copy_field_hash_init_', 1, '2019-12-05 14:14:03', '2019-12-05 14:14:03');
INSERT INTO `welab_skyeye`.`dbus_processor_assist`(`id`, `processor_id`, `assist_type`, `value`, `state`, `gmt_create`, `gmt_modified`) VALUES (409350831263973402, 409350831226224652, 1, 'op|data', 1, '2019-12-05 14:14:03', '2019-12-05 14:14:03');
INSERT INTO `welab_skyeye`.`dbus_processor_assist`(`id`, `processor_id`, `assist_type`, `value`, `state`, `gmt_create`, `gmt_modified`) VALUES (409350831263973403, 409350831226224653, 2, 'target_db_name|target_table_name|source_db_name|source_table_name|merge_table_|primary_key', 1, '2019-12-05 14:14:03', '2019-12-05 14:14:03');
INSERT INTO `welab_skyeye`.`dbus_processor_assist`(`id`, `processor_id`, `assist_type`, `value`, `state`, `gmt_create`, `gmt_modified`) VALUES (409350831263973404, 409350831226224653, 3, 'database_name', 1, '2019-12-05 14:14:03', '2019-12-05 14:14:03');


-- welab_events 和 welab_users 表结构初始化
INSERT INTO `welab_skyeye`.`dbus_table_schema`(`id`, `target_db`, `target_table`, `table_type`, `partition_rule`, `sort_by`, `parquet_partition`, `state`, `description`, `gmt_create`, `gmt_modified`) VALUES (347786420573700096, 'kudu_analysis', 'welab_events', 1, 'hash partitions 16', 'x_user_id,event_time', 'year INT,month INT,day INT', 1, '事件属性', '2019-06-18 16:59:04', '2019-06-18 16:59:04');
INSERT INTO `welab_skyeye`.`dbus_table_schema`(`id`, `target_db`, `target_table`, `table_type`, `partition_rule`, `sort_by`, `parquet_partition`, `state`, `description`, `gmt_create`, `gmt_modified`) VALUES (356150994888818688, 'kudu_analysis', 'welab_users', 2, 'hash partitions 16', NULL, NULL, 1, '用户属性', '2019-07-11 18:56:54', '2019-07-11 18:56:54');


INSERT INTO `welab_skyeye`.`dbus_table_source`(`id`, `schema_id`, `src_db`, `src_table`, `data_source_id`, `time_zone_num`, `db_type`, `schema_change_mark`, `state`, `operate_state`, `gmt_create`, `gmt_modified`) VALUES (347786420934410240, 347786420573700096, 'kudu_analysis', 'event', NULL, NULL, 1, 0, 1, 1, '2019-06-18 16:59:04', '2019-12-24 19:42:56');
INSERT INTO `welab_skyeye`.`dbus_table_source`(`id`, `schema_id`, `src_db`, `src_table`, `data_source_id`, `time_zone_num`, `db_type`, `schema_change_mark`, `state`, `operate_state`, `gmt_create`, `gmt_modified`) VALUES (356150994981093376, 356150994888818688, 'rocket2', 'users', NULL, NULL, 2, 0, 1, 3, '2019-07-11 18:59:26', '2019-09-19 10:30:31');
INSERT INTO `welab_skyeye`.`dbus_table_source`(`id`, `schema_id`, `src_db`, `src_table`, `data_source_id`, `time_zone_num`, `db_type`, `schema_change_mark`, `state`, `operate_state`, `gmt_create`, `gmt_modified`) VALUES (356150994981093377, 356150994888818688, 'rocket2', 'profiles', NULL, NULL, 2, 0, 1, 3, '2019-07-11 19:00:09', '2019-09-04 12:25:13');

-- welab_events 表结构
INSERT INTO `welab_skyeye`.`dbus_table_field`(`id`, `related_id`, `field_type`, `field_name`, `field_alias`, `source_field`, `field_annotation`, `value_type`, `max_length`, `default_value`, `nullable_flag`, `map_flag`, `pk_flag`, `viewable_flag`, `related_flag`, `pk_seq`, `create_flag`, `operator_type`, `aggregate_type`, `state`, `operate_state`, `sync_state`, `gmt_create`, `gmt_modified`, `last_release_version`) VALUES (338052806382452736, 347786420573700096, 2, 'pk_id_', 'pk_id_', NULL, '主键', 5, NULL, '', 0, 0, 1, 0, 0, 0, 0, NULL, NULL, 1, 0, 1, '2019-10-23 10:39:51', '2019-11-22 16:25:39', NULL);
INSERT INTO `welab_skyeye`.`dbus_table_field`(`id`, `related_id`, `field_type`, `field_name`, `field_alias`, `source_field`, `field_annotation`, `value_type`, `max_length`, `default_value`, `nullable_flag`, `map_flag`, `pk_flag`, `viewable_flag`, `related_flag`, `pk_seq`, `create_flag`, `operator_type`, `aggregate_type`, `state`, `operate_state`, `sync_state`, `gmt_create`, `gmt_modified`, `last_release_version`) VALUES (338052806386647040, 347786420573700096, 2, 'event_time', '', NULL, '事件上报时间毫秒', 1, NULL, '', 1, 0, 0, 0, 0, 0, 0, NULL, NULL, 1, 0, 1, '2019-06-20 11:12:07', '2019-11-22 16:25:39', NULL);
INSERT INTO `welab_skyeye`.`dbus_table_field`(`id`, `related_id`, `field_type`, `field_name`, `field_alias`, `source_field`, `field_annotation`, `value_type`, `max_length`, `default_value`, `nullable_flag`, `map_flag`, `pk_flag`, `viewable_flag`, `related_flag`, `pk_seq`, `create_flag`, `operator_type`, `aggregate_type`, `state`, `operate_state`, `sync_state`, `gmt_create`, `gmt_modified`, `last_release_version`) VALUES (338052806386647041, 347786420573700096, 2, 'event_time_hour', '', NULL, '事件上报时间小时', 1, NULL, '', 1, 0, 0, 0, 0, 0, 0, NULL, NULL, 1, 0, 1, '2019-06-20 11:12:07', '2019-11-22 16:25:39', NULL);
INSERT INTO `welab_skyeye`.`dbus_table_field`(`id`, `related_id`, `field_type`, `field_name`, `field_alias`, `source_field`, `field_annotation`, `value_type`, `max_length`, `default_value`, `nullable_flag`, `map_flag`, `pk_flag`, `viewable_flag`, `related_flag`, `pk_seq`, `create_flag`, `operator_type`, `aggregate_type`, `state`, `operate_state`, `sync_state`, `gmt_create`, `gmt_modified`, `last_release_version`) VALUES (338052806386647042, 347786420573700096, 2, 'event_time_day', '', NULL, '事件上报时间天', 1, NULL, '', 1, 0, 0, 0, 0, 0, 0, NULL, NULL, 1, 0, 1, '2019-06-20 11:12:07', '2019-11-22 16:25:39', NULL);
INSERT INTO `welab_skyeye`.`dbus_table_field`(`id`, `related_id`, `field_type`, `field_name`, `field_alias`, `source_field`, `field_annotation`, `value_type`, `max_length`, `default_value`, `nullable_flag`, `map_flag`, `pk_flag`, `viewable_flag`, `related_flag`, `pk_seq`, `create_flag`, `operator_type`, `aggregate_type`, `state`, `operate_state`, `sync_state`, `gmt_create`, `gmt_modified`, `last_release_version`) VALUES (338052806386647043, 347786420573700096, 2, 'event_time_week', '', NULL, '事件上报时间周', 1, NULL, '', 1, 0, 0, 0, 0, 0, 0, NULL, NULL, 1, 0, 1, '2019-06-20 11:12:07', '2019-11-22 16:25:39', NULL);
INSERT INTO `welab_skyeye`.`dbus_table_field`(`id`, `related_id`, `field_type`, `field_name`, `field_alias`, `source_field`, `field_annotation`, `value_type`, `max_length`, `default_value`, `nullable_flag`, `map_flag`, `pk_flag`, `viewable_flag`, `related_flag`, `pk_seq`, `create_flag`, `operator_type`, `aggregate_type`, `state`, `operate_state`, `sync_state`, `gmt_create`, `gmt_modified`, `last_release_version`) VALUES (338052806386647044, 347786420573700096, 2, 'event_time_month', '', NULL, '事件上报时间月', 1, NULL, '', 1, 0, 0, 0, 0, 0, 0, NULL, NULL, 1, 0, 1, '2019-06-20 11:12:07', '2019-11-22 16:25:39', NULL);
INSERT INTO `welab_skyeye`.`dbus_table_field`(`id`, `related_id`, `field_type`, `field_name`, `field_alias`, `source_field`, `field_annotation`, `value_type`, `max_length`, `default_value`, `nullable_flag`, `map_flag`, `pk_flag`, `viewable_flag`, `related_flag`, `pk_seq`, `create_flag`, `operator_type`, `aggregate_type`, `state`, `operate_state`, `sync_state`, `gmt_create`, `gmt_modified`, `last_release_version`) VALUES (338052806386647045, 347786420573700096, 2, 'event_date_time', '', NULL, '客户端事件上报时间', 3, NULL, '', 1, 0, 0, 0, 0, 0, 0, NULL, NULL, 1, 0, 1, '2019-10-23 10:39:52', '2019-11-22 16:25:39', NULL);
INSERT INTO `welab_skyeye`.`dbus_table_field`(`id`, `related_id`, `field_type`, `field_name`, `field_alias`, `source_field`, `field_annotation`, `value_type`, `max_length`, `default_value`, `nullable_flag`, `map_flag`, `pk_flag`, `viewable_flag`, `related_flag`, `pk_seq`, `create_flag`, `operator_type`, `aggregate_type`, `state`, `operate_state`, `sync_state`, `gmt_create`, `gmt_modified`, `last_release_version`) VALUES (338052806386647046, 347786420573700096, 2, 'create_date_time', '', NULL, '创建时间', 3, NULL, '', 1, 0, 0, 0, 0, 0, 0, NULL, NULL, 1, 0, 1, '2019-05-22 20:21:09', '2019-11-22 16:25:39', NULL);
INSERT INTO `welab_skyeye`.`dbus_table_field`(`id`, `related_id`, `field_type`, `field_name`, `field_alias`, `source_field`, `field_annotation`, `value_type`, `max_length`, `default_value`, `nullable_flag`, `map_flag`, `pk_flag`, `viewable_flag`, `related_flag`, `pk_seq`, `create_flag`, `operator_type`, `aggregate_type`, `state`, `operate_state`, `sync_state`, `gmt_create`, `gmt_modified`, `last_release_version`) VALUES (338052806386647047, 347786420573700096, 2, 'event_time_minute', '', NULL, '事件上报时间分钟', 1, NULL, '', 1, 0, 0, 0, 0, 0, 0, NULL, NULL, 1, 0, 1, '2019-06-20 11:12:07', '2019-11-22 16:25:39', NULL);
INSERT INTO `welab_skyeye`.`dbus_table_field`(`id`, `related_id`, `field_type`, `field_name`, `field_alias`, `source_field`, `field_annotation`, `value_type`, `max_length`, `default_value`, `nullable_flag`, `map_flag`, `pk_flag`, `viewable_flag`, `related_flag`, `pk_seq`, `create_flag`, `operator_type`, `aggregate_type`, `state`, `operate_state`, `sync_state`, `gmt_create`, `gmt_modified`, `last_release_version`) VALUES (404666602131296256, 347786420573700096, 2, 'update_date_time', '', NULL, '修改时间', 3, NULL, '', 1, 0, 0, 0, 0, 0, 0, NULL, NULL, 1, 0, 1, '2019-11-22 16:00:36', '2019-11-22 16:25:39', NULL);
INSERT INTO `welab_skyeye`.`dbus_table_field`(`id`, `related_id`, `field_type`, `field_name`, `field_alias`, `source_field`, `field_annotation`, `value_type`, `max_length`, `default_value`, `nullable_flag`, `map_flag`, `pk_flag`, `viewable_flag`, `related_flag`, `pk_seq`, `create_flag`, `operator_type`, `aggregate_type`, `state`, `operate_state`, `sync_state`, `gmt_create`, `gmt_modified`, `last_release_version`) VALUES (347786420967964672, 347786420934410240, 1, 'e', 'event_name', NULL, '事件', 3, NULL, '', 0, 0, 0, 1, 0, 0, 0, NULL, NULL, 1, 0, 1, '2019-06-18 16:59:04', '2019-11-22 16:25:39', NULL);
INSERT INTO `welab_skyeye`.`dbus_table_field`(`id`, `related_id`, `field_type`, `field_name`, `field_alias`, `source_field`, `field_annotation`, `value_type`, `max_length`, `default_value`, `nullable_flag`, `map_flag`, `pk_flag`, `viewable_flag`, `related_flag`, `pk_seq`, `create_flag`, `operator_type`, `aggregate_type`, `state`, `operate_state`, `sync_state`, `gmt_create`, `gmt_modified`, `last_release_version`) VALUES (347786420967964673, 347786420934410240, 1, 'xmi', 'x_mark_id', NULL, '设备ID', 3, NULL, '', 1, 0, 0, 1, 0, 0, 0, NULL, NULL, 1, 0, 1, '2019-06-18 16:59:04', '2019-11-22 16:25:39', NULL);
INSERT INTO `welab_skyeye`.`dbus_table_field`(`id`, `related_id`, `field_type`, `field_name`, `field_alias`, `source_field`, `field_annotation`, `value_type`, `max_length`, `default_value`, `nullable_flag`, `map_flag`, `pk_flag`, `viewable_flag`, `related_flag`, `pk_seq`, `create_flag`, `operator_type`, `aggregate_type`, `state`, `operate_state`, `sync_state`, `gmt_create`, `gmt_modified`, `last_release_version`) VALUES (347786420967964674, 347786420934410240, 1, 'x_user_id', 'x_user_id', NULL, '用户ID', 5, NULL, '', 1, 0, 0, 1, 1, 0, 0, NULL, NULL, 1, 0, 1, '2019-06-18 16:59:04', '2019-11-22 16:25:39', NULL);
INSERT INTO `welab_skyeye`.`dbus_table_field`(`id`, `related_id`, `field_type`, `field_name`, `field_alias`, `source_field`, `field_annotation`, `value_type`, `max_length`, `default_value`, `nullable_flag`, `map_flag`, `pk_flag`, `viewable_flag`, `related_flag`, `pk_seq`, `create_flag`, `operator_type`, `aggregate_type`, `state`, `operate_state`, `sync_state`, `gmt_create`, `gmt_modified`, `last_release_version`) VALUES (347786420967964675, 347786420934410240, 1, 'lv', 'lib_version', NULL, 'SDK版本', 3, NULL, '', 1, 1, 0, 1, 0, 0, 0, NULL, NULL, 1, 0, 1, '2019-06-18 16:59:04', '2019-11-22 16:25:39', NULL);
INSERT INTO `welab_skyeye`.`dbus_table_field`(`id`, `related_id`, `field_type`, `field_name`, `field_alias`, `source_field`, `field_annotation`, `value_type`, `max_length`, `default_value`, `nullable_flag`, `map_flag`, `pk_flag`, `viewable_flag`, `related_flag`, `pk_seq`, `create_flag`, `operator_type`, `aggregate_type`, `state`, `operate_state`, `sync_state`, `gmt_create`, `gmt_modified`, `last_release_version`) VALUES (347786420967964676, 347786420934410240, 1, 'l', 'lib', NULL, 'SDK', 3, NULL, '', 1, 1, 0, 1, 0, 0, 0, NULL, NULL, 1, 0, 1, '2019-06-18 16:59:04', '2019-11-22 16:25:39', NULL);
INSERT INTO `welab_skyeye`.`dbus_table_field`(`id`, `related_id`, `field_type`, `field_name`, `field_alias`, `source_field`, `field_annotation`, `value_type`, `max_length`, `default_value`, `nullable_flag`, `map_flag`, `pk_flag`, `viewable_flag`, `related_flag`, `pk_seq`, `create_flag`, `operator_type`, `aggregate_type`, `state`, `operate_state`, `sync_state`, `gmt_create`, `gmt_modified`, `last_release_version`) VALUES (347786420967964677, 347786420934410240, 1, 'sw', 'screen_width', NULL, '屏幕宽度', 1, NULL, '', 1, 0, 0, 1, 0, 0, 0, NULL, NULL, 1, 0, 1, '2019-06-18 16:59:04', '2019-11-22 16:25:39', NULL);
INSERT INTO `welab_skyeye`.`dbus_table_field`(`id`, `related_id`, `field_type`, `field_name`, `field_alias`, `source_field`, `field_annotation`, `value_type`, `max_length`, `default_value`, `nullable_flag`, `map_flag`, `pk_flag`, `viewable_flag`, `related_flag`, `pk_seq`, `create_flag`, `operator_type`, `aggregate_type`, `state`, `operate_state`, `sync_state`, `gmt_create`, `gmt_modified`, `last_release_version`) VALUES (347786420976353280, 347786420934410240, 1, 'sh', 'screen_height', NULL, '屏幕高度', 1, NULL, '', 1, 0, 0, 1, 0, 0, 0, NULL, NULL, 1, 0, 1, '2019-06-18 16:59:04', '2019-11-22 16:25:39', NULL);
INSERT INTO `welab_skyeye`.`dbus_table_field`(`id`, `related_id`, `field_type`, `field_name`, `field_alias`, `source_field`, `field_annotation`, `value_type`, `max_length`, `default_value`, `nullable_flag`, `map_flag`, `pk_flag`, `viewable_flag`, `related_flag`, `pk_seq`, `create_flag`, `operator_type`, `aggregate_type`, `state`, `operate_state`, `sync_state`, `gmt_create`, `gmt_modified`, `last_release_version`) VALUES (347786420980547584, 347786420934410240, 1, 'dt', 'device_type', NULL, '设备类型', 3, NULL, '', 1, 1, 0, 1, 0, 0, 0, NULL, NULL, 1, 0, 1, '2019-06-18 16:59:04', '2019-11-22 16:25:39', NULL);
INSERT INTO `welab_skyeye`.`dbus_table_field`(`id`, `related_id`, `field_type`, `field_name`, `field_alias`, `source_field`, `field_annotation`, `value_type`, `max_length`, `default_value`, `nullable_flag`, `map_flag`, `pk_flag`, `viewable_flag`, `related_flag`, `pk_seq`, `create_flag`, `operator_type`, `aggregate_type`, `state`, `operate_state`, `sync_state`, `gmt_create`, `gmt_modified`, `last_release_version`) VALUES (347786420980547585, 347786420934410240, 1, 'dn', 'device_name', NULL, '设备名称', 3, NULL, '', 1, 1, 0, 1, 0, 0, 0, NULL, NULL, 1, 0, 1, '2019-06-18 16:59:04', '2019-11-22 16:25:39', NULL);
INSERT INTO `welab_skyeye`.`dbus_table_field`(`id`, `related_id`, `field_type`, `field_name`, `field_alias`, `source_field`, `field_annotation`, `value_type`, `max_length`, `default_value`, `nullable_flag`, `map_flag`, `pk_flag`, `viewable_flag`, `related_flag`, `pk_seq`, `create_flag`, `operator_type`, `aggregate_type`, `state`, `operate_state`, `sync_state`, `gmt_create`, `gmt_modified`, `last_release_version`) VALUES (347786420980547586, 347786420934410240, 1, 'db', 'device_brand', NULL, '设备厂商', 3, NULL, '', 1, 1, 0, 1, 0, 0, 0, NULL, NULL, 1, 0, 1, '2019-06-18 16:59:04', '2019-11-22 16:25:39', NULL);
INSERT INTO `welab_skyeye`.`dbus_table_field`(`id`, `related_id`, `field_type`, `field_name`, `field_alias`, `source_field`, `field_annotation`, `value_type`, `max_length`, `default_value`, `nullable_flag`, `map_flag`, `pk_flag`, `viewable_flag`, `related_flag`, `pk_seq`, `create_flag`, `operator_type`, `aggregate_type`, `state`, `operate_state`, `sync_state`, `gmt_create`, `gmt_modified`, `last_release_version`) VALUES (347786420980547587, 347786420934410240, 1, 'os', 'os_name', NULL, '操作系统名称', 3, NULL, '', 1, 1, 0, 1, 0, 0, 0, NULL, NULL, 1, 0, 1, '2019-06-18 16:59:04', '2019-11-22 16:25:39', NULL);
INSERT INTO `welab_skyeye`.`dbus_table_field`(`id`, `related_id`, `field_type`, `field_name`, `field_alias`, `source_field`, `field_annotation`, `value_type`, `max_length`, `default_value`, `nullable_flag`, `map_flag`, `pk_flag`, `viewable_flag`, `related_flag`, `pk_seq`, `create_flag`, `operator_type`, `aggregate_type`, `state`, `operate_state`, `sync_state`, `gmt_create`, `gmt_modified`, `last_release_version`) VALUES (347786420980547588, 347786420934410240, 1, 'ov', 'os_version', NULL, '操作系统版本', 3, NULL, '', 1, 1, 0, 1, 0, 0, 0, NULL, NULL, 1, 0, 1, '2019-06-18 16:59:04', '2019-11-22 16:25:39', NULL);
INSERT INTO `welab_skyeye`.`dbus_table_field`(`id`, `related_id`, `field_type`, `field_name`, `field_alias`, `source_field`, `field_annotation`, `value_type`, `max_length`, `default_value`, `nullable_flag`, `map_flag`, `pk_flag`, `viewable_flag`, `related_flag`, `pk_seq`, `create_flag`, `operator_type`, `aggregate_type`, `state`, `operate_state`, `sync_state`, `gmt_create`, `gmt_modified`, `last_release_version`) VALUES (347786420980547589, 347786420934410240, 1, 'ovb', 'os_version_build', NULL, '操作系统内核版本', 3, NULL, '', 1, 1, 0, 1, 0, 0, 0, NULL, NULL, 1, 0, 1, '2019-06-18 16:59:04', '2019-11-22 16:25:39', NULL);
INSERT INTO `welab_skyeye`.`dbus_table_field`(`id`, `related_id`, `field_type`, `field_name`, `field_alias`, `source_field`, `field_annotation`, `value_type`, `max_length`, `default_value`, `nullable_flag`, `map_flag`, `pk_flag`, `viewable_flag`, `related_flag`, `pk_seq`, `create_flag`, `operator_type`, `aggregate_type`, `state`, `operate_state`, `sync_state`, `gmt_create`, `gmt_modified`, `last_release_version`) VALUES (347786420980547590, 347786420934410240, 1, 'brw', 'browser_name', NULL, '浏览器名称', 3, NULL, '', 1, 1, 0, 1, 0, 0, 0, NULL, NULL, 1, 0, 1, '2019-06-18 16:59:04', '2019-11-22 16:25:39', NULL);
INSERT INTO `welab_skyeye`.`dbus_table_field`(`id`, `related_id`, `field_type`, `field_name`, `field_alias`, `source_field`, `field_annotation`, `value_type`, `max_length`, `default_value`, `nullable_flag`, `map_flag`, `pk_flag`, `viewable_flag`, `related_flag`, `pk_seq`, `create_flag`, `operator_type`, `aggregate_type`, `state`, `operate_state`, `sync_state`, `gmt_create`, `gmt_modified`, `last_release_version`) VALUES (347786420980547591, 347786420934410240, 1, 'brwv', 'browser_version', NULL, '浏览器版本', 3, NULL, '', 1, 1, 0, 1, 0, 0, 0, NULL, NULL, 1, 0, 1, '2019-06-18 16:59:04', '2019-11-22 16:25:39', NULL);
INSERT INTO `welab_skyeye`.`dbus_table_field`(`id`, `related_id`, `field_type`, `field_name`, `field_alias`, `source_field`, `field_annotation`, `value_type`, `max_length`, `default_value`, `nullable_flag`, `map_flag`, `pk_flag`, `viewable_flag`, `related_flag`, `pk_seq`, `create_flag`, `operator_type`, `aggregate_type`, `state`, `operate_state`, `sync_state`, `gmt_create`, `gmt_modified`, `last_release_version`) VALUES (347786420980547592, 347786420934410240, 1, 'cb', 'cpu_bits', NULL, 'CPU位数', 1, NULL, '', 1, 1, 0, 1, 0, 0, 0, NULL, NULL, 1, 0, 1, '2019-06-18 16:59:04', '2019-11-22 16:25:39', NULL);
INSERT INTO `welab_skyeye`.`dbus_table_field`(`id`, `related_id`, `field_type`, `field_name`, `field_alias`, `source_field`, `field_annotation`, `value_type`, `max_length`, `default_value`, `nullable_flag`, `map_flag`, `pk_flag`, `viewable_flag`, `related_flag`, `pk_seq`, `create_flag`, `operator_type`, `aggregate_type`, `state`, `operate_state`, `sync_state`, `gmt_create`, `gmt_modified`, `last_release_version`) VALUES (347786420980547593, 347786420934410240, 1, 'cpu', 'cpu_cores', NULL, 'cpu核心数', 1, NULL, '', 1, 1, 0, 1, 0, 0, 0, NULL, NULL, 1, 0, 1, '2019-06-18 16:59:04', '2019-11-22 16:25:39', NULL);
INSERT INTO `welab_skyeye`.`dbus_table_field`(`id`, `related_id`, `field_type`, `field_name`, `field_alias`, `source_field`, `field_annotation`, `value_type`, `max_length`, `default_value`, `nullable_flag`, `map_flag`, `pk_flag`, `viewable_flag`, `related_flag`, `pk_seq`, `create_flag`, `operator_type`, `aggregate_type`, `state`, `operate_state`, `sync_state`, `gmt_create`, `gmt_modified`, `last_release_version`) VALUES (347786420980547594, 347786420934410240, 1, 'dpr', 'browser_bpix', NULL, '屏幕DPR', 1, NULL, '', 1, 0, 0, 1, 0, 0, 0, NULL, NULL, 1, 0, 1, '2019-10-23 10:41:56', '2019-11-22 16:25:39', NULL);
INSERT INTO `welab_skyeye`.`dbus_table_field`(`id`, `related_id`, `field_type`, `field_name`, `field_alias`, `source_field`, `field_annotation`, `value_type`, `max_length`, `default_value`, `nullable_flag`, `map_flag`, `pk_flag`, `viewable_flag`, `related_flag`, `pk_seq`, `create_flag`, `operator_type`, `aggregate_type`, `state`, `operate_state`, `sync_state`, `gmt_create`, `gmt_modified`, `last_release_version`) VALUES (347786420980547595, 347786420934410240, 1, 'lg', 'browser_language', NULL, '浏览器语言', 3, NULL, '', 1, 1, 0, 1, 0, 0, 0, NULL, NULL, 1, 0, 1, '2019-06-18 16:59:04', '2019-11-22 16:25:39', NULL);
INSERT INTO `welab_skyeye`.`dbus_table_field`(`id`, `related_id`, `field_type`, `field_name`, `field_alias`, `source_field`, `field_annotation`, `value_type`, `max_length`, `default_value`, `nullable_flag`, `map_flag`, `pk_flag`, `viewable_flag`, `related_flag`, `pk_seq`, `create_flag`, `operator_type`, `aggregate_type`, `state`, `operate_state`, `sync_state`, `gmt_create`, `gmt_modified`, `last_release_version`) VALUES (347786420980547596, 347786420934410240, 1, 'ifd', 'is_first_day', NULL, '是否首日', 1, NULL, '', 1, 1, 0, 1, 0, 0, 0, NULL, NULL, 1, 0, 1, '2019-06-18 16:59:04', '2019-11-22 16:25:39', NULL);
INSERT INTO `welab_skyeye`.`dbus_table_field`(`id`, `related_id`, `field_type`, `field_name`, `field_alias`, `source_field`, `field_annotation`, `value_type`, `max_length`, `default_value`, `nullable_flag`, `map_flag`, `pk_flag`, `viewable_flag`, `related_flag`, `pk_seq`, `create_flag`, `operator_type`, `aggregate_type`, `state`, `operate_state`, `sync_state`, `gmt_create`, `gmt_modified`, `last_release_version`) VALUES (347786420980547597, 347786420934410240, 1, 'ift', 'is_first_time', NULL, '是否首次', 1, NULL, '', 1, 1, 0, 1, 0, 0, 0, NULL, NULL, 1, 0, 1, '2019-06-18 16:59:04', '2019-11-22 16:25:39', NULL);
INSERT INTO `welab_skyeye`.`dbus_table_field`(`id`, `related_id`, `field_type`, `field_name`, `field_alias`, `source_field`, `field_annotation`, `value_type`, `max_length`, `default_value`, `nullable_flag`, `map_flag`, `pk_flag`, `viewable_flag`, `related_flag`, `pk_seq`, `create_flag`, `operator_type`, `aggregate_type`, `state`, `operate_state`, `sync_state`, `gmt_create`, `gmt_modified`, `last_release_version`) VALUES (347786420980547598, 347786420934410240, 1, 'ol', 'is_online', NULL, '是否在线', 1, NULL, '', 1, 1, 0, 1, 0, 0, 0, NULL, NULL, 1, 0, 1, '2019-06-18 16:59:04', '2019-11-22 16:25:39', NULL);
INSERT INTO `welab_skyeye`.`dbus_table_field`(`id`, `related_id`, `field_type`, `field_name`, `field_alias`, `source_field`, `field_annotation`, `value_type`, `max_length`, `default_value`, `nullable_flag`, `map_flag`, `pk_flag`, `viewable_flag`, `related_flag`, `pk_seq`, `create_flag`, `operator_type`, `aggregate_type`, `state`, `operate_state`, `sync_state`, `gmt_create`, `gmt_modified`, `last_release_version`) VALUES (347786420980547599, 347786420934410240, 1, 'nt', 'network_type', NULL, '网络类型', 3, NULL, '', 1, 1, 0, 1, 0, 0, 0, NULL, NULL, 1, 0, 1, '2019-06-18 16:59:04', '2019-11-22 16:25:39', NULL);
INSERT INTO `welab_skyeye`.`dbus_table_field`(`id`, `related_id`, `field_type`, `field_name`, `field_alias`, `source_field`, `field_annotation`, `value_type`, `max_length`, `default_value`, `nullable_flag`, `map_flag`, `pk_flag`, `viewable_flag`, `related_flag`, `pk_seq`, `create_flag`, `operator_type`, `aggregate_type`, `state`, `operate_state`, `sync_state`, `gmt_create`, `gmt_modified`, `last_release_version`) VALUES (347786420980547600, 347786420934410240, 1, 'pt', 'title', NULL, '页面标题', 3, NULL, '', 1, 1, 0, 1, 0, 0, 0, NULL, NULL, 1, 0, 1, '2019-06-18 16:59:04', '2019-11-22 16:25:39', NULL);
INSERT INTO `welab_skyeye`.`dbus_table_field`(`id`, `related_id`, `field_type`, `field_name`, `field_alias`, `source_field`, `field_annotation`, `value_type`, `max_length`, `default_value`, `nullable_flag`, `map_flag`, `pk_flag`, `viewable_flag`, `related_flag`, `pk_seq`, `create_flag`, `operator_type`, `aggregate_type`, `state`, `operate_state`, `sync_state`, `gmt_create`, `gmt_modified`, `last_release_version`) VALUES (347786420980547601, 347786420934410240, 1, 'u', 'url', NULL, '页面地址', 3, NULL, '', 1, 1, 0, 1, 0, 0, 0, NULL, NULL, 1, 0, 1, '2019-06-18 16:59:04', '2019-11-22 16:25:39', NULL);
INSERT INTO `welab_skyeye`.`dbus_table_field`(`id`, `related_id`, `field_type`, `field_name`, `field_alias`, `source_field`, `field_annotation`, `value_type`, `max_length`, `default_value`, `nullable_flag`, `map_flag`, `pk_flag`, `viewable_flag`, `related_flag`, `pk_seq`, `create_flag`, `operator_type`, `aggregate_type`, `state`, `operate_state`, `sync_state`, `gmt_create`, `gmt_modified`, `last_release_version`) VALUES (347786420980547602, 347786420934410240, 1, 'uh', 'url_host', NULL, '页面Host', 3, NULL, '', 1, 1, 0, 1, 0, 0, 0, NULL, NULL, 1, 0, 1, '2019-06-18 16:59:04', '2019-11-22 16:25:39', NULL);
INSERT INTO `welab_skyeye`.`dbus_table_field`(`id`, `related_id`, `field_type`, `field_name`, `field_alias`, `source_field`, `field_annotation`, `value_type`, `max_length`, `default_value`, `nullable_flag`, `map_flag`, `pk_flag`, `viewable_flag`, `related_flag`, `pk_seq`, `create_flag`, `operator_type`, `aggregate_type`, `state`, `operate_state`, `sync_state`, `gmt_create`, `gmt_modified`, `last_release_version`) VALUES (347786420980547603, 347786420934410240, 1, 'ud', 'url_domain', NULL, '页面Domain', 3, NULL, '', 1, 1, 0, 1, 0, 0, 0, NULL, NULL, 1, 0, 1, '2019-06-18 16:59:04', '2019-11-22 16:25:39', NULL);
INSERT INTO `welab_skyeye`.`dbus_table_field`(`id`, `related_id`, `field_type`, `field_name`, `field_alias`, `source_field`, `field_annotation`, `value_type`, `max_length`, `default_value`, `nullable_flag`, `map_flag`, `pk_flag`, `viewable_flag`, `related_flag`, `pk_seq`, `create_flag`, `operator_type`, `aggregate_type`, `state`, `operate_state`, `sync_state`, `gmt_create`, `gmt_modified`, `last_release_version`) VALUES (347786420980547604, 347786420934410240, 1, 'r', 'referrer', NULL, '前向地址', 3, NULL, '', 1, 1, 0, 1, 0, 0, 0, NULL, NULL, 1, 0, 1, '2019-06-18 16:59:04', '2019-11-22 16:25:39', NULL);
INSERT INTO `welab_skyeye`.`dbus_table_field`(`id`, `related_id`, `field_type`, `field_name`, `field_alias`, `source_field`, `field_annotation`, `value_type`, `max_length`, `default_value`, `nullable_flag`, `map_flag`, `pk_flag`, `viewable_flag`, `related_flag`, `pk_seq`, `create_flag`, `operator_type`, `aggregate_type`, `state`, `operate_state`, `sync_state`, `gmt_create`, `gmt_modified`, `last_release_version`) VALUES (347786420980547605, 347786420934410240, 1, 'rh', 'referrer_host', NULL, '前向地址Host', 3, NULL, '', 1, 1, 0, 1, 0, 0, 0, NULL, NULL, 1, 0, 1, '2019-06-18 16:59:04', '2019-11-22 16:25:39', NULL);
INSERT INTO `welab_skyeye`.`dbus_table_field`(`id`, `related_id`, `field_type`, `field_name`, `field_alias`, `source_field`, `field_annotation`, `value_type`, `max_length`, `default_value`, `nullable_flag`, `map_flag`, `pk_flag`, `viewable_flag`, `related_flag`, `pk_seq`, `create_flag`, `operator_type`, `aggregate_type`, `state`, `operate_state`, `sync_state`, `gmt_create`, `gmt_modified`, `last_release_version`) VALUES (347786420980547606, 347786420934410240, 1, 'na', 'nation', NULL, '国家', 3, NULL, '', 1, 1, 0, 1, 0, 0, 0, NULL, NULL, 1, 0, 1, '2019-06-18 16:59:04', '2019-11-22 16:25:39', NULL);
INSERT INTO `welab_skyeye`.`dbus_table_field`(`id`, `related_id`, `field_type`, `field_name`, `field_alias`, `source_field`, `field_annotation`, `value_type`, `max_length`, `default_value`, `nullable_flag`, `map_flag`, `pk_flag`, `viewable_flag`, `related_flag`, `pk_seq`, `create_flag`, `operator_type`, `aggregate_type`, `state`, `operate_state`, `sync_state`, `gmt_create`, `gmt_modified`, `last_release_version`) VALUES (347786420980547607, 347786420934410240, 1, 'pro', 'province', NULL, '省份', 3, NULL, '', 1, 1, 0, 1, 0, 0, 0, NULL, NULL, 1, 0, 1, '2019-06-18 16:59:04', '2019-11-22 16:25:39', NULL);
INSERT INTO `welab_skyeye`.`dbus_table_field`(`id`, `related_id`, `field_type`, `field_name`, `field_alias`, `source_field`, `field_annotation`, `value_type`, `max_length`, `default_value`, `nullable_flag`, `map_flag`, `pk_flag`, `viewable_flag`, `related_flag`, `pk_seq`, `create_flag`, `operator_type`, `aggregate_type`, `state`, `operate_state`, `sync_state`, `gmt_create`, `gmt_modified`, `last_release_version`) VALUES (347786420980547608, 347786420934410240, 1, 'city', 'city', NULL, '城市', 3, NULL, '', 1, 1, 0, 1, 0, 0, 0, NULL, NULL, 1, 0, 1, '2019-06-18 16:59:04', '2019-11-22 16:25:39', NULL);
INSERT INTO `welab_skyeye`.`dbus_table_field`(`id`, `related_id`, `field_type`, `field_name`, `field_alias`, `source_field`, `field_annotation`, `value_type`, `max_length`, `default_value`, `nullable_flag`, `map_flag`, `pk_flag`, `viewable_flag`, `related_flag`, `pk_seq`, `create_flag`, `operator_type`, `aggregate_type`, `state`, `operate_state`, `sync_state`, `gmt_create`, `gmt_modified`, `last_release_version`) VALUES (347786420980547609, 347786420934410240, 1, 'isp', 'isp', NULL, '运营商', 3, NULL, '', 1, 1, 0, 1, 0, 0, 0, NULL, NULL, 1, 0, 1, '2019-06-18 16:59:04', '2019-11-22 16:25:39', NULL);
INSERT INTO `welab_skyeye`.`dbus_table_field`(`id`, `related_id`, `field_type`, `field_name`, `field_alias`, `source_field`, `field_annotation`, `value_type`, `max_length`, `default_value`, `nullable_flag`, `map_flag`, `pk_flag`, `viewable_flag`, `related_flag`, `pk_seq`, `create_flag`, `operator_type`, `aggregate_type`, `state`, `operate_state`, `sync_state`, `gmt_create`, `gmt_modified`, `last_release_version`) VALUES (347786420980547610, 347786420934410240, 1, 'ip', '', NULL, '客户端的IP', 3, NULL, '', 1, 0, 0, 1, 0, 0, 0, NULL, NULL, 1, 0, 1, '2019-06-18 16:59:04', '2019-11-22 16:25:39', NULL);
INSERT INTO `welab_skyeye`.`dbus_table_field`(`id`, `related_id`, `field_type`, `field_name`, `field_alias`, `source_field`, `field_annotation`, `value_type`, `max_length`, `default_value`, `nullable_flag`, `map_flag`, `pk_flag`, `viewable_flag`, `related_flag`, `pk_seq`, `create_flag`, `operator_type`, `aggregate_type`, `state`, `operate_state`, `sync_state`, `gmt_create`, `gmt_modified`, `last_release_version`) VALUES (347786420980547611, 347786420934410240, 1, 'ep', 'element_position', NULL, '元素位置', 1, NULL, '', 1, 0, 0, 1, 0, 0, 0, NULL, NULL, 1, 0, 1, '2019-06-18 16:59:04', '2019-11-22 16:25:39', NULL);
INSERT INTO `welab_skyeye`.`dbus_table_field`(`id`, `related_id`, `field_type`, `field_name`, `field_alias`, `source_field`, `field_annotation`, `value_type`, `max_length`, `default_value`, `nullable_flag`, `map_flag`, `pk_flag`, `viewable_flag`, `related_flag`, `pk_seq`, `create_flag`, `operator_type`, `aggregate_type`, `state`, `operate_state`, `sync_state`, `gmt_create`, `gmt_modified`, `last_release_version`) VALUES (347786420980547612, 347786420934410240, 1, 'et', 'element_title', NULL, '元素标题', 3, NULL, '', 1, 1, 0, 1, 0, 0, 0, NULL, NULL, 1, 0, 1, '2019-06-18 16:59:04', '2019-11-22 16:25:39', NULL);
INSERT INTO `welab_skyeye`.`dbus_table_field`(`id`, `related_id`, `field_type`, `field_name`, `field_alias`, `source_field`, `field_annotation`, `value_type`, `max_length`, `default_value`, `nullable_flag`, `map_flag`, `pk_flag`, `viewable_flag`, `related_flag`, `pk_seq`, `create_flag`, `operator_type`, `aggregate_type`, `state`, `operate_state`, `sync_state`, `gmt_create`, `gmt_modified`, `last_release_version`) VALUES (347786420980547613, 347786420934410240, 1, 'ec', 'element_content', NULL, '元素内容', 3, NULL, '', 1, 0, 0, 1, 0, 0, 0, NULL, NULL, 1, 0, 1, '2019-06-18 16:59:04', '2019-11-22 16:25:39', NULL);
INSERT INTO `welab_skyeye`.`dbus_table_field`(`id`, `related_id`, `field_type`, `field_name`, `field_alias`, `source_field`, `field_annotation`, `value_type`, `max_length`, `default_value`, `nullable_flag`, `map_flag`, `pk_flag`, `viewable_flag`, `related_flag`, `pk_seq`, `create_flag`, `operator_type`, `aggregate_type`, `state`, `operate_state`, `sync_state`, `gmt_create`, `gmt_modified`, `last_release_version`) VALUES (347786420980547614, 347786420934410240, 1, 'ete', 'element_type', NULL, '元素类型', 3, NULL, '', 1, 1, 0, 1, 0, 0, 0, NULL, NULL, 1, 0, 1, '2019-06-18 16:59:04', '2019-11-22 16:25:39', NULL);
INSERT INTO `welab_skyeye`.`dbus_table_field`(`id`, `related_id`, `field_type`, `field_name`, `field_alias`, `source_field`, `field_annotation`, `value_type`, `max_length`, `default_value`, `nullable_flag`, `map_flag`, `pk_flag`, `viewable_flag`, `related_flag`, `pk_seq`, `create_flag`, `operator_type`, `aggregate_type`, `state`, `operate_state`, `sync_state`, `gmt_create`, `gmt_modified`, `last_release_version`) VALUES (347786420980547615, 347786420934410240, 1, 'en', 'element_name', NULL, '元素name', 3, NULL, '', 1, 1, 0, 1, 0, 0, 0, NULL, NULL, 1, 0, 1, '2019-06-18 16:59:04', '2019-11-22 16:25:39', NULL);
INSERT INTO `welab_skyeye`.`dbus_table_field`(`id`, `related_id`, `field_type`, `field_name`, `field_alias`, `source_field`, `field_annotation`, `value_type`, `max_length`, `default_value`, `nullable_flag`, `map_flag`, `pk_flag`, `viewable_flag`, `related_flag`, `pk_seq`, `create_flag`, `operator_type`, `aggregate_type`, `state`, `operate_state`, `sync_state`, `gmt_create`, `gmt_modified`, `last_release_version`) VALUES (347786420980547616, 347786420934410240, 1, 'es', 'element_selector', NULL, '元素选择器', 3, NULL, '', 1, 1, 0, 1, 0, 0, 0, NULL, NULL, 1, 0, 1, '2019-06-18 16:59:04', '2019-11-22 16:25:39', NULL);
INSERT INTO `welab_skyeye`.`dbus_table_field`(`id`, `related_id`, `field_type`, `field_name`, `field_alias`, `source_field`, `field_annotation`, `value_type`, `max_length`, `default_value`, `nullable_flag`, `map_flag`, `pk_flag`, `viewable_flag`, `related_flag`, `pk_seq`, `create_flag`, `operator_type`, `aggregate_type`, `state`, `operate_state`, `sync_state`, `gmt_create`, `gmt_modified`, `last_release_version`) VALUES (347786420980547617, 347786420934410240, 1, 'etu', 'element_target_url', NULL, '元素链接地址', 3, NULL, '', 1, 1, 0, 1, 0, 0, 0, NULL, NULL, 1, 0, 1, '2019-06-18 16:59:04', '2019-11-22 16:25:39', NULL);
INSERT INTO `welab_skyeye`.`dbus_table_field`(`id`, `related_id`, `field_type`, `field_name`, `field_alias`, `source_field`, `field_annotation`, `value_type`, `max_length`, `default_value`, `nullable_flag`, `map_flag`, `pk_flag`, `viewable_flag`, `related_flag`, `pk_seq`, `create_flag`, `operator_type`, `aggregate_type`, `state`, `operate_state`, `sync_state`, `gmt_create`, `gmt_modified`, `last_release_version`) VALUES (347786420980547618, 347786420934410240, 1, 'lsk', 'latest_search_keyword', NULL, '最近搜索关键词', 3, NULL, '', 1, 0, 0, 1, 0, 0, 0, NULL, NULL, 1, 0, 1, '2019-06-18 16:59:04', '2019-11-22 16:25:39', NULL);
INSERT INTO `welab_skyeye`.`dbus_table_field`(`id`, `related_id`, `field_type`, `field_name`, `field_alias`, `source_field`, `field_annotation`, `value_type`, `max_length`, `default_value`, `nullable_flag`, `map_flag`, `pk_flag`, `viewable_flag`, `related_flag`, `pk_seq`, `create_flag`, `operator_type`, `aggregate_type`, `state`, `operate_state`, `sync_state`, `gmt_create`, `gmt_modified`, `last_release_version`) VALUES (347786420980547619, 347786420934410240, 1, 'ltst', 'latest_traffic_source_type', NULL, '最近流量来源类型', 3, NULL, '', 1, 1, 0, 1, 0, 0, 0, NULL, NULL, 1, 0, 1, '2019-06-18 16:59:04', '2019-11-22 16:25:39', NULL);
INSERT INTO `welab_skyeye`.`dbus_table_field`(`id`, `related_id`, `field_type`, `field_name`, `field_alias`, `source_field`, `field_annotation`, `value_type`, `max_length`, `default_value`, `nullable_flag`, `map_flag`, `pk_flag`, `viewable_flag`, `related_flag`, `pk_seq`, `create_flag`, `operator_type`, `aggregate_type`, `state`, `operate_state`, `sync_state`, `gmt_create`, `gmt_modified`, `last_release_version`) VALUES (347786420980547620, 347786420934410240, 1, 'lr', 'latest_referrer', NULL, '最近站外前向地址', 3, NULL, '', 1, 1, 0, 1, 0, 0, 0, NULL, NULL, 1, 0, 1, '2019-06-18 16:59:04', '2019-11-22 16:25:39', NULL);
INSERT INTO `welab_skyeye`.`dbus_table_field`(`id`, `related_id`, `field_type`, `field_name`, `field_alias`, `source_field`, `field_annotation`, `value_type`, `max_length`, `default_value`, `nullable_flag`, `map_flag`, `pk_flag`, `viewable_flag`, `related_flag`, `pk_seq`, `create_flag`, `operator_type`, `aggregate_type`, `state`, `operate_state`, `sync_state`, `gmt_create`, `gmt_modified`, `last_release_version`) VALUES (347786420980547621, 347786420934410240, 1, 'lrh', 'latest_referrer_host', NULL, '最近站外前向地址Host', 3, NULL, '', 1, 1, 0, 1, 0, 0, 0, NULL, NULL, 1, 0, 1, '2019-06-18 16:59:04', '2019-11-22 16:25:39', NULL);
INSERT INTO `welab_skyeye`.`dbus_table_field`(`id`, `related_id`, `field_type`, `field_name`, `field_alias`, `source_field`, `field_annotation`, `value_type`, `max_length`, `default_value`, `nullable_flag`, `map_flag`, `pk_flag`, `viewable_flag`, `related_flag`, `pk_seq`, `create_flag`, `operator_type`, `aggregate_type`, `state`, `operate_state`, `sync_state`, `gmt_create`, `gmt_modified`, `last_release_version`) VALUES (347786420980547622, 347786420934410240, 1, 'lrd', 'latest_referrer_domain', NULL, '最近站外前向地址Domain', 3, NULL, '', 1, 1, 0, 1, 0, 0, 0, NULL, NULL, 1, 0, 1, '2019-06-18 16:59:04', '2019-11-22 16:25:39', NULL);
INSERT INTO `welab_skyeye`.`dbus_table_field`(`id`, `related_id`, `field_type`, `field_name`, `field_alias`, `source_field`, `field_annotation`, `value_type`, `max_length`, `default_value`, `nullable_flag`, `map_flag`, `pk_flag`, `viewable_flag`, `related_flag`, `pk_seq`, `create_flag`, `operator_type`, `aggregate_type`, `state`, `operate_state`, `sync_state`, `gmt_create`, `gmt_modified`, `last_release_version`) VALUES (347786420980547623, 347786420934410240, 1, 'vw', 'viewport_width', NULL, '视区宽度', 1, NULL, '', 1, 0, 0, 1, 0, 0, 0, NULL, NULL, 1, 0, 1, '2019-06-18 16:59:04', '2019-11-22 16:25:39', NULL);
INSERT INTO `welab_skyeye`.`dbus_table_field`(`id`, `related_id`, `field_type`, `field_name`, `field_alias`, `source_field`, `field_annotation`, `value_type`, `max_length`, `default_value`, `nullable_flag`, `map_flag`, `pk_flag`, `viewable_flag`, `related_flag`, `pk_seq`, `create_flag`, `operator_type`, `aggregate_type`, `state`, `operate_state`, `sync_state`, `gmt_create`, `gmt_modified`, `last_release_version`) VALUES (347786420980547624, 347786420934410240, 1, 'vh', 'viewport_height', NULL, '视区高度', 1, NULL, '', 1, 0, 0, 1, 0, 0, 0, NULL, NULL, 1, 0, 1, '2019-06-18 16:59:04', '2019-11-22 16:25:39', NULL);
INSERT INTO `welab_skyeye`.`dbus_table_field`(`id`, `related_id`, `field_type`, `field_name`, `field_alias`, `source_field`, `field_annotation`, `value_type`, `max_length`, `default_value`, `nullable_flag`, `map_flag`, `pk_flag`, `viewable_flag`, `related_flag`, `pk_seq`, `create_flag`, `operator_type`, `aggregate_type`, `state`, `operate_state`, `sync_state`, `gmt_create`, `gmt_modified`, `last_release_version`) VALUES (347786420980547625, 347786420934410240, 1, 'vp', 'viewport_position', NULL, '视区距顶部的位置', 1, NULL, '', 1, 0, 0, 1, 0, 0, 0, NULL, NULL, 1, 0, 1, '2019-06-18 16:59:04', '2019-11-22 16:25:39', NULL);
INSERT INTO `welab_skyeye`.`dbus_table_field`(`id`, `related_id`, `field_type`, `field_name`, `field_alias`, `source_field`, `field_annotation`, `value_type`, `max_length`, `default_value`, `nullable_flag`, `map_flag`, `pk_flag`, `viewable_flag`, `related_flag`, `pk_seq`, `create_flag`, `operator_type`, `aggregate_type`, `state`, `operate_state`, `sync_state`, `gmt_create`, `gmt_modified`, `last_release_version`) VALUES (347786420980547626, 347786420934410240, 1, 'ed', 'event_duration', NULL, '停留时间', 1, NULL, '', 1, 0, 0, 1, 0, 0, 0, NULL, NULL, 1, 0, 1, '2019-06-18 16:59:04', '2019-11-22 16:25:39', NULL);
INSERT INTO `welab_skyeye`.`dbus_table_field`(`id`, `related_id`, `field_type`, `field_name`, `field_alias`, `source_field`, `field_annotation`, `value_type`, `max_length`, `default_value`, `nullable_flag`, `map_flag`, `pk_flag`, `viewable_flag`, `related_flag`, `pk_seq`, `create_flag`, `operator_type`, `aggregate_type`, `state`, `operate_state`, `sync_state`, `gmt_create`, `gmt_modified`, `last_release_version`) VALUES (347786420980547627, 347786420934410240, 1, 'dns', 'dns_time', NULL, 'DNS解析耗时', 1, NULL, '', 1, 0, 0, 1, 0, 0, 0, NULL, NULL, 1, 0, 1, '2019-06-18 16:59:04', '2019-11-22 16:25:39', NULL);
INSERT INTO `welab_skyeye`.`dbus_table_field`(`id`, `related_id`, `field_type`, `field_name`, `field_alias`, `source_field`, `field_annotation`, `value_type`, `max_length`, `default_value`, `nullable_flag`, `map_flag`, `pk_flag`, `viewable_flag`, `related_flag`, `pk_seq`, `create_flag`, `operator_type`, `aggregate_type`, `state`, `operate_state`, `sync_state`, `gmt_create`, `gmt_modified`, `last_release_version`) VALUES (347786420980547628, 347786420934410240, 1, 'tcp', 'tcp_time', NULL, 'TCP连接耗时', 1, NULL, '', 1, 0, 0, 1, 0, 0, 0, NULL, NULL, 1, 0, 1, '2019-06-18 16:59:04', '2019-11-22 16:25:39', NULL);
INSERT INTO `welab_skyeye`.`dbus_table_field`(`id`, `related_id`, `field_type`, `field_name`, `field_alias`, `source_field`, `field_annotation`, `value_type`, `max_length`, `default_value`, `nullable_flag`, `map_flag`, `pk_flag`, `viewable_flag`, `related_flag`, `pk_seq`, `create_flag`, `operator_type`, `aggregate_type`, `state`, `operate_state`, `sync_state`, `gmt_create`, `gmt_modified`, `last_release_version`) VALUES (347786420980547629, 347786420934410240, 1, 'ttfb', 'ttfb_time', NULL, '网络请求耗时', 1, NULL, '', 1, 0, 0, 1, 0, 0, 0, NULL, NULL, 1, 0, 1, '2019-06-18 16:59:04', '2019-11-22 16:25:39', NULL);
INSERT INTO `welab_skyeye`.`dbus_table_field`(`id`, `related_id`, `field_type`, `field_name`, `field_alias`, `source_field`, `field_annotation`, `value_type`, `max_length`, `default_value`, `nullable_flag`, `map_flag`, `pk_flag`, `viewable_flag`, `related_flag`, `pk_seq`, `create_flag`, `operator_type`, `aggregate_type`, `state`, `operate_state`, `sync_state`, `gmt_create`, `gmt_modified`, `last_release_version`) VALUES (347786420980547630, 347786420934410240, 1, 'dom', 'dom_time', NULL, 'DOM解析耗时', 1, NULL, '', 1, 0, 0, 1, 0, 0, 0, NULL, NULL, 1, 0, 1, '2019-06-18 16:59:04', '2019-11-22 16:25:39', NULL);
INSERT INTO `welab_skyeye`.`dbus_table_field`(`id`, `related_id`, `field_type`, `field_name`, `field_alias`, `source_field`, `field_annotation`, `value_type`, `max_length`, `default_value`, `nullable_flag`, `map_flag`, `pk_flag`, `viewable_flag`, `related_flag`, `pk_seq`, `create_flag`, `operator_type`, `aggregate_type`, `state`, `operate_state`, `sync_state`, `gmt_create`, `gmt_modified`, `last_release_version`) VALUES (347786420980547631, 347786420934410240, 1, 'res', 'res_time', NULL, '资源加载耗时', 1, NULL, '', 1, 0, 0, 1, 0, 0, 0, NULL, NULL, 1, 0, 1, '2019-06-18 16:59:04', '2019-11-22 16:25:39', NULL);
INSERT INTO `welab_skyeye`.`dbus_table_field`(`id`, `related_id`, `field_type`, `field_name`, `field_alias`, `source_field`, `field_annotation`, `value_type`, `max_length`, `default_value`, `nullable_flag`, `map_flag`, `pk_flag`, `viewable_flag`, `related_flag`, `pk_seq`, `create_flag`, `operator_type`, `aggregate_type`, `state`, `operate_state`, `sync_state`, `gmt_create`, `gmt_modified`, `last_release_version`) VALUES (347786420980547632, 347786420934410240, 1, 'fbt', 'firstbyte_time', NULL, '首包时间', 1, NULL, '', 1, 0, 0, 1, 0, 0, 0, NULL, NULL, 1, 0, 1, '2019-06-18 16:59:04', '2019-11-22 16:25:39', NULL);
INSERT INTO `welab_skyeye`.`dbus_table_field`(`id`, `related_id`, `field_type`, `field_name`, `field_alias`, `source_field`, `field_annotation`, `value_type`, `max_length`, `default_value`, `nullable_flag`, `map_flag`, `pk_flag`, `viewable_flag`, `related_flag`, `pk_seq`, `create_flag`, `operator_type`, `aggregate_type`, `state`, `operate_state`, `sync_state`, `gmt_create`, `gmt_modified`, `last_release_version`) VALUES (347786420980547633, 347786420934410240, 1, 'fpt', 'fpt_time', NULL, '首次渲染时间', 1, NULL, '', 1, 0, 0, 1, 0, 0, 0, NULL, NULL, 1, 0, 1, '2019-06-18 16:59:04', '2019-11-22 16:25:39', NULL);
INSERT INTO `welab_skyeye`.`dbus_table_field`(`id`, `related_id`, `field_type`, `field_name`, `field_alias`, `source_field`, `field_annotation`, `value_type`, `max_length`, `default_value`, `nullable_flag`, `map_flag`, `pk_flag`, `viewable_flag`, `related_flag`, `pk_seq`, `create_flag`, `operator_type`, `aggregate_type`, `state`, `operate_state`, `sync_state`, `gmt_create`, `gmt_modified`, `last_release_version`) VALUES (347786420980547634, 347786420934410240, 1, 'tti', 'tti_time', NULL, '首次可交互时间', 1, NULL, '', 1, 0, 0, 1, 0, 0, 0, NULL, NULL, 1, 0, 1, '2019-06-18 16:59:04', '2019-11-22 16:25:39', NULL);
INSERT INTO `welab_skyeye`.`dbus_table_field`(`id`, `related_id`, `field_type`, `field_name`, `field_alias`, `source_field`, `field_annotation`, `value_type`, `max_length`, `default_value`, `nullable_flag`, `map_flag`, `pk_flag`, `viewable_flag`, `related_flag`, `pk_seq`, `create_flag`, `operator_type`, `aggregate_type`, `state`, `operate_state`, `sync_state`, `gmt_create`, `gmt_modified`, `last_release_version`) VALUES (347786420984741888, 347786420934410240, 1, 'rt', 'ready_time', NULL, 'HTML加载完成时间', 1, NULL, '', 1, 0, 0, 1, 0, 0, 0, NULL, NULL, 1, 0, 1, '2019-06-18 16:59:04', '2019-11-22 16:25:39', NULL);
INSERT INTO `welab_skyeye`.`dbus_table_field`(`id`, `related_id`, `field_type`, `field_name`, `field_alias`, `source_field`, `field_annotation`, `value_type`, `max_length`, `default_value`, `nullable_flag`, `map_flag`, `pk_flag`, `viewable_flag`, `related_flag`, `pk_seq`, `create_flag`, `operator_type`, `aggregate_type`, `state`, `operate_state`, `sync_state`, `gmt_create`, `gmt_modified`, `last_release_version`) VALUES (347786420984741889, 347786420934410240, 1, 'ld', 'load_time', NULL, '页面完全加载时间', 1, NULL, '', 1, 0, 0, 1, 0, 0, 0, NULL, NULL, 1, 0, 1, '2019-06-18 16:59:04', '2019-11-22 16:25:39', NULL);
INSERT INTO `welab_skyeye`.`dbus_table_field`(`id`, `related_id`, `field_type`, `field_name`, `field_alias`, `source_field`, `field_annotation`, `value_type`, `max_length`, `default_value`, `nullable_flag`, `map_flag`, `pk_flag`, `viewable_flag`, `related_flag`, `pk_seq`, `create_flag`, `operator_type`, `aggregate_type`, `state`, `operate_state`, `sync_state`, `gmt_create`, `gmt_modified`, `last_release_version`) VALUES (347786420984741890, 347786420934410240, 1, 'utms', 'utm_source', NULL, '广告系列来源', 3, NULL, '', 1, 1, 0, 0, 0, 0, 0, NULL, NULL, 1, 0, 1, '2019-06-18 16:59:04', '2019-11-22 16:25:39', NULL);
INSERT INTO `welab_skyeye`.`dbus_table_field`(`id`, `related_id`, `field_type`, `field_name`, `field_alias`, `source_field`, `field_annotation`, `value_type`, `max_length`, `default_value`, `nullable_flag`, `map_flag`, `pk_flag`, `viewable_flag`, `related_flag`, `pk_seq`, `create_flag`, `operator_type`, `aggregate_type`, `state`, `operate_state`, `sync_state`, `gmt_create`, `gmt_modified`, `last_release_version`) VALUES (347786420984741891, 347786420934410240, 1, 'utmm', 'utm_medium', NULL, '广告系列媒介', 3, NULL, '', 1, 1, 0, 0, 0, 0, 0, NULL, NULL, 1, 0, 1, '2019-06-18 16:59:04', '2019-11-22 16:25:39', NULL);
INSERT INTO `welab_skyeye`.`dbus_table_field`(`id`, `related_id`, `field_type`, `field_name`, `field_alias`, `source_field`, `field_annotation`, `value_type`, `max_length`, `default_value`, `nullable_flag`, `map_flag`, `pk_flag`, `viewable_flag`, `related_flag`, `pk_seq`, `create_flag`, `operator_type`, `aggregate_type`, `state`, `operate_state`, `sync_state`, `gmt_create`, `gmt_modified`, `last_release_version`) VALUES (347786420984741892, 347786420934410240, 1, 'utmt', 'utm_term', NULL, '广告系列字词', 3, NULL, '', 1, 1, 0, 0, 0, 0, 0, NULL, NULL, 1, 0, 1, '2019-06-18 16:59:04', '2019-11-22 16:25:39', NULL);
INSERT INTO `welab_skyeye`.`dbus_table_field`(`id`, `related_id`, `field_type`, `field_name`, `field_alias`, `source_field`, `field_annotation`, `value_type`, `max_length`, `default_value`, `nullable_flag`, `map_flag`, `pk_flag`, `viewable_flag`, `related_flag`, `pk_seq`, `create_flag`, `operator_type`, `aggregate_type`, `state`, `operate_state`, `sync_state`, `gmt_create`, `gmt_modified`, `last_release_version`) VALUES (347786420984741893, 347786420934410240, 1, 'utmo', 'utm_content', NULL, '广告系列内容', 3, NULL, '', 1, 1, 0, 0, 0, 0, 0, NULL, NULL, 1, 0, 1, '2019-06-18 16:59:04', '2019-11-22 16:25:39', NULL);
INSERT INTO `welab_skyeye`.`dbus_table_field`(`id`, `related_id`, `field_type`, `field_name`, `field_alias`, `source_field`, `field_annotation`, `value_type`, `max_length`, `default_value`, `nullable_flag`, `map_flag`, `pk_flag`, `viewable_flag`, `related_flag`, `pk_seq`, `create_flag`, `operator_type`, `aggregate_type`, `state`, `operate_state`, `sync_state`, `gmt_create`, `gmt_modified`, `last_release_version`) VALUES (347786420984741894, 347786420934410240, 1, 'utmc', 'utm_campaign', NULL, '广告系列名称', 3, NULL, '', 1, 1, 0, 0, 0, 0, 0, NULL, NULL, 1, 0, 1, '2019-06-18 16:59:04', '2019-11-22 16:25:39', NULL);
INSERT INTO `welab_skyeye`.`dbus_table_field`(`id`, `related_id`, `field_type`, `field_name`, `field_alias`, `source_field`, `field_annotation`, `value_type`, `max_length`, `default_value`, `nullable_flag`, `map_flag`, `pk_flag`, `viewable_flag`, `related_flag`, `pk_seq`, `create_flag`, `operator_type`, `aggregate_type`, `state`, `operate_state`, `sync_state`, `gmt_create`, `gmt_modified`, `last_release_version`) VALUES (347786420984741895, 347786420934410240, 1, 'x_user_mobile', '', NULL, '用户手机号', 3, NULL, '', 1, 0, 0, 0, 0, 0, 0, NULL, NULL, 1, 0, 1, '2019-06-18 16:59:04', '2019-11-22 16:25:39', NULL);
INSERT INTO `welab_skyeye`.`dbus_table_field`(`id`, `related_id`, `field_type`, `field_name`, `field_alias`, `source_field`, `field_annotation`, `value_type`, `max_length`, `default_value`, `nullable_flag`, `map_flag`, `pk_flag`, `viewable_flag`, `related_flag`, `pk_seq`, `create_flag`, `operator_type`, `aggregate_type`, `state`, `operate_state`, `sync_state`, `gmt_create`, `gmt_modified`, `last_release_version`) VALUES (347786420984741896, 347786420934410240, 1, 'x_user_identity', '', NULL, '用户类型', 3, NULL, '', 1, 1, 0, 0, 0, 0, 0, NULL, NULL, 1, 0, 1, '2019-06-18 16:59:04', '2019-11-22 16:25:39', NULL);
INSERT INTO `welab_skyeye`.`dbus_table_field`(`id`, `related_id`, `field_type`, `field_name`, `field_alias`, `source_field`, `field_annotation`, `value_type`, `max_length`, `default_value`, `nullable_flag`, `map_flag`, `pk_flag`, `viewable_flag`, `related_flag`, `pk_seq`, `create_flag`, `operator_type`, `aggregate_type`, `state`, `operate_state`, `sync_state`, `gmt_create`, `gmt_modified`, `last_release_version`) VALUES (347786420984741897, 347786420934410240, 1, 'x_product_code', '', NULL, '产品编号', 3, NULL, '', 1, 1, 0, 0, 0, 0, 0, NULL, NULL, 1, 0, 1, '2019-06-18 16:59:04', '2019-11-22 16:25:39', NULL);
INSERT INTO `welab_skyeye`.`dbus_table_field`(`id`, `related_id`, `field_type`, `field_name`, `field_alias`, `source_field`, `field_annotation`, `value_type`, `max_length`, `default_value`, `nullable_flag`, `map_flag`, `pk_flag`, `viewable_flag`, `related_flag`, `pk_seq`, `create_flag`, `operator_type`, `aggregate_type`, `state`, `operate_state`, `sync_state`, `gmt_create`, `gmt_modified`, `last_release_version`) VALUES (347786420984741898, 347786420934410240, 1, 'x_source_id', '', NULL, '平台来源', 3, NULL, '', 1, 1, 0, 0, 0, 0, 0, NULL, NULL, 1, 0, 1, '2019-06-18 16:59:04', '2019-11-22 16:25:39', NULL);
INSERT INTO `welab_skyeye`.`dbus_table_field`(`id`, `related_id`, `field_type`, `field_name`, `field_alias`, `source_field`, `field_annotation`, `value_type`, `max_length`, `default_value`, `nullable_flag`, `map_flag`, `pk_flag`, `viewable_flag`, `related_flag`, `pk_seq`, `create_flag`, `operator_type`, `aggregate_type`, `state`, `operate_state`, `sync_state`, `gmt_create`, `gmt_modified`, `last_release_version`) VALUES (347786420984741899, 347786420934410240, 1, 'x_partner_code', '', NULL, '流量合作来源', 3, NULL, '', 1, 1, 0, 0, 0, 0, 0, NULL, NULL, 1, 0, 1, '2019-06-18 16:59:04', '2019-11-22 16:25:39', NULL);
INSERT INTO `welab_skyeye`.`dbus_table_field`(`id`, `related_id`, `field_type`, `field_name`, `field_alias`, `source_field`, `field_annotation`, `value_type`, `max_length`, `default_value`, `nullable_flag`, `map_flag`, `pk_flag`, `viewable_flag`, `related_flag`, `pk_seq`, `create_flag`, `operator_type`, `aggregate_type`, `state`, `operate_state`, `sync_state`, `gmt_create`, `gmt_modified`, `last_release_version`) VALUES (347786420984741900, 347786420934410240, 1, 'x_user_flag', '', NULL, '用户状态', 3, NULL, '', 1, 1, 0, 0, 0, 0, 0, NULL, NULL, 1, 0, 1, '2019-06-18 16:59:04', '2019-11-22 16:25:39', NULL);
INSERT INTO `welab_skyeye`.`dbus_table_field`(`id`, `related_id`, `field_type`, `field_name`, `field_alias`, `source_field`, `field_annotation`, `value_type`, `max_length`, `default_value`, `nullable_flag`, `map_flag`, `pk_flag`, `viewable_flag`, `related_flag`, `pk_seq`, `create_flag`, `operator_type`, `aggregate_type`, `state`, `operate_state`, `sync_state`, `gmt_create`, `gmt_modified`, `last_release_version`) VALUES (347786420984741901, 347786420934410240, 1, 'x_origin', '', NULL, '登录来源', 3, NULL, '', 1, 1, 0, 0, 0, 0, 0, NULL, NULL, 1, 0, 1, '2019-06-18 16:59:04', '2019-11-22 16:25:39', NULL);
INSERT INTO `welab_skyeye`.`dbus_table_field`(`id`, `related_id`, `field_type`, `field_name`, `field_alias`, `source_field`, `field_annotation`, `value_type`, `max_length`, `default_value`, `nullable_flag`, `map_flag`, `pk_flag`, `viewable_flag`, `related_flag`, `pk_seq`, `create_flag`, `operator_type`, `aggregate_type`, `state`, `operate_state`, `sync_state`, `gmt_create`, `gmt_modified`, `last_release_version`) VALUES (347786420984741902, 347786420934410240, 1, 'x_app_version', '', NULL, 'APP版本', 3, NULL, '', 1, 1, 0, 0, 0, 0, 0, NULL, NULL, 1, 0, 1, '2019-06-18 16:59:04', '2019-11-22 16:25:39', NULL);
INSERT INTO `welab_skyeye`.`dbus_table_field`(`id`, `related_id`, `field_type`, `field_name`, `field_alias`, `source_field`, `field_annotation`, `value_type`, `max_length`, `default_value`, `nullable_flag`, `map_flag`, `pk_flag`, `viewable_flag`, `related_flag`, `pk_seq`, `create_flag`, `operator_type`, `aggregate_type`, `state`, `operate_state`, `sync_state`, `gmt_create`, `gmt_modified`, `last_release_version`) VALUES (347786420984741903, 347786420934410240, 1, 'aid', 'application_id', NULL, '贷款ID', 3, NULL, '', 1, 0, 0, 0, 0, 0, 0, NULL, NULL, 1, 0, 1, '2019-06-18 16:59:04', '2019-11-22 16:25:39', NULL);
INSERT INTO `welab_skyeye`.`dbus_table_field`(`id`, `related_id`, `field_type`, `field_name`, `field_alias`, `source_field`, `field_annotation`, `value_type`, `max_length`, `default_value`, `nullable_flag`, `map_flag`, `pk_flag`, `viewable_flag`, `related_flag`, `pk_seq`, `create_flag`, `operator_type`, `aggregate_type`, `state`, `operate_state`, `sync_state`, `gmt_create`, `gmt_modified`, `last_release_version`) VALUES (347786420984741904, 347786420934410240, 1, 'application_id', 'x_application_id', NULL, '贷款关联ID', 5, NULL, '', 1, 0, 0, 0, 1, 0, 0, NULL, NULL, 1, 0, 1, '2019-06-18 16:59:04', '2019-11-22 16:25:39', NULL);
INSERT INTO `welab_skyeye`.`dbus_table_field`(`id`, `related_id`, `field_type`, `field_name`, `field_alias`, `source_field`, `field_annotation`, `value_type`, `max_length`, `default_value`, `nullable_flag`, `map_flag`, `pk_flag`, `viewable_flag`, `related_flag`, `pk_seq`, `create_flag`, `operator_type`, `aggregate_type`, `state`, `operate_state`, `sync_state`, `gmt_create`, `gmt_modified`, `last_release_version`) VALUES (347786420984741905, 347786420934410240, 1, 'is', 'is_simulator', NULL, '是否模拟器', 1, NULL, '', 1, 1, 0, 0, 0, 0, 0, NULL, NULL, 1, 0, 1, '2019-06-18 16:59:04', '2019-11-22 16:25:39', NULL);
INSERT INTO `welab_skyeye`.`dbus_table_field`(`id`, `related_id`, `field_type`, `field_name`, `field_alias`, `source_field`, `field_annotation`, `value_type`, `max_length`, `default_value`, `nullable_flag`, `map_flag`, `pk_flag`, `viewable_flag`, `related_flag`, `pk_seq`, `create_flag`, `operator_type`, `aggregate_type`, `state`, `operate_state`, `sync_state`, `gmt_create`, `gmt_modified`, `last_release_version`) VALUES (347786420984741906, 347786420934410240, 1, 'md', 'model', NULL, '设备型号', 3, NULL, '', 1, 1, 0, 0, 0, 0, 0, NULL, NULL, 1, 0, 1, '2019-06-18 16:59:04', '2019-11-22 16:25:39', NULL);
INSERT INTO `welab_skyeye`.`dbus_table_field`(`id`, `related_id`, `field_type`, `field_name`, `field_alias`, `source_field`, `field_annotation`, `value_type`, `max_length`, `default_value`, `nullable_flag`, `map_flag`, `pk_flag`, `viewable_flag`, `related_flag`, `pk_seq`, `create_flag`, `operator_type`, `aggregate_type`, `state`, `operate_state`, `sync_state`, `gmt_create`, `gmt_modified`, `last_release_version`) VALUES (347786420984741907, 347786420934410240, 1, 'mf', 'manufacturer', NULL, '厂商', 3, NULL, '', 1, 1, 0, 0, 0, 0, 0, NULL, NULL, 1, 0, 1, '2019-06-18 16:59:04', '2019-11-22 16:25:39', NULL);
INSERT INTO `welab_skyeye`.`dbus_table_field`(`id`, `related_id`, `field_type`, `field_name`, `field_alias`, `source_field`, `field_annotation`, `value_type`, `max_length`, `default_value`, `nullable_flag`, `map_flag`, `pk_flag`, `viewable_flag`, `related_flag`, `pk_seq`, `create_flag`, `operator_type`, `aggregate_type`, `state`, `operate_state`, `sync_state`, `gmt_create`, `gmt_modified`, `last_release_version`) VALUES (347786420984741908, 347786420934410240, 1, 'channel', 'channel', NULL, '渠道号', 3, NULL, '', 1, 1, 0, 0, 0, 0, 0, NULL, NULL, 1, 0, 1, '2019-06-18 16:59:04', '2019-11-22 16:25:39', NULL);
INSERT INTO `welab_skyeye`.`dbus_table_field`(`id`, `related_id`, `field_type`, `field_name`, `field_alias`, `source_field`, `field_annotation`, `value_type`, `max_length`, `default_value`, `nullable_flag`, `map_flag`, `pk_flag`, `viewable_flag`, `related_flag`, `pk_seq`, `create_flag`, `operator_type`, `aggregate_type`, `state`, `operate_state`, `sync_state`, `gmt_create`, `gmt_modified`, `last_release_version`) VALUES (347786420984741909, 347786420934410240, 1, 'lat', 'latitude', NULL, '维度', 7, NULL, '', 1, 0, 0, 0, 0, 0, 0, NULL, NULL, 1, 0, 1, '2019-06-18 16:59:04', '2019-11-22 16:25:39', NULL);
INSERT INTO `welab_skyeye`.`dbus_table_field`(`id`, `related_id`, `field_type`, `field_name`, `field_alias`, `source_field`, `field_annotation`, `value_type`, `max_length`, `default_value`, `nullable_flag`, `map_flag`, `pk_flag`, `viewable_flag`, `related_flag`, `pk_seq`, `create_flag`, `operator_type`, `aggregate_type`, `state`, `operate_state`, `sync_state`, `gmt_create`, `gmt_modified`, `last_release_version`) VALUES (347786420984741910, 347786420934410240, 1, 'lon', 'longitude', NULL, '经度', 7, NULL, '', 1, 0, 0, 0, 0, 0, 0, NULL, NULL, 1, 0, 1, '2019-06-18 16:59:04', '2019-11-22 16:25:39', NULL);
INSERT INTO `welab_skyeye`.`dbus_table_field`(`id`, `related_id`, `field_type`, `field_name`, `field_alias`, `source_field`, `field_annotation`, `value_type`, `max_length`, `default_value`, `nullable_flag`, `map_flag`, `pk_flag`, `viewable_flag`, `related_flag`, `pk_seq`, `create_flag`, `operator_type`, `aggregate_type`, `state`, `operate_state`, `sync_state`, `gmt_create`, `gmt_modified`, `last_release_version`) VALUES (347786420984741911, 347786420934410240, 1, 'ad', 'address', NULL, '地址', 3, NULL, '', 1, 0, 0, 0, 0, 0, 0, NULL, NULL, 1, 0, 1, '2019-06-18 16:59:04', '2019-11-22 16:25:39', NULL);
INSERT INTO `welab_skyeye`.`dbus_table_field`(`id`, `related_id`, `field_type`, `field_name`, `field_alias`, `source_field`, `field_annotation`, `value_type`, `max_length`, `default_value`, `nullable_flag`, `map_flag`, `pk_flag`, `viewable_flag`, `related_flag`, `pk_seq`, `create_flag`, `operator_type`, `aggregate_type`, `state`, `operate_state`, `sync_state`, `gmt_create`, `gmt_modified`, `last_release_version`) VALUES (347786420984741912, 347786420934410240, 1, 'wi', 'wifi', NULL, 'wifi名称', 3, NULL, '', 1, 0, 0, 0, 0, 0, 0, NULL, NULL, 1, 0, 1, '2019-06-18 16:59:04', '2019-11-22 16:25:39', NULL);
INSERT INTO `welab_skyeye`.`dbus_table_field`(`id`, `related_id`, `field_type`, `field_name`, `field_alias`, `source_field`, `field_annotation`, `value_type`, `max_length`, `default_value`, `nullable_flag`, `map_flag`, `pk_flag`, `viewable_flag`, `related_flag`, `pk_seq`, `create_flag`, `operator_type`, `aggregate_type`, `state`, `operate_state`, `sync_state`, `gmt_create`, `gmt_modified`, `last_release_version`) VALUES (347786420984741913, 347786420934410240, 1, 'bi', 'banner_id', NULL, 'banner图id', 3, NULL, '', 1, 0, 0, 0, 0, 0, 0, NULL, NULL, 1, 0, 1, '2019-06-18 16:59:04', '2019-11-22 16:25:39', NULL);
INSERT INTO `welab_skyeye`.`dbus_table_field`(`id`, `related_id`, `field_type`, `field_name`, `field_alias`, `source_field`, `field_annotation`, `value_type`, `max_length`, `default_value`, `nullable_flag`, `map_flag`, `pk_flag`, `viewable_flag`, `related_flag`, `pk_seq`, `create_flag`, `operator_type`, `aggregate_type`, `state`, `operate_state`, `sync_state`, `gmt_create`, `gmt_modified`, `last_release_version`) VALUES (347786420984741914, 347786420934410240, 1, 'bn', 'banner_number', NULL, 'banner位置', 1, NULL, '', 1, 0, 0, 0, 0, 0, 0, NULL, NULL, 1, 0, 1, '2019-06-18 16:59:04', '2019-11-22 16:25:39', NULL);
INSERT INTO `welab_skyeye`.`dbus_table_field`(`id`, `related_id`, `field_type`, `field_name`, `field_alias`, `source_field`, `field_annotation`, `value_type`, `max_length`, `default_value`, `nullable_flag`, `map_flag`, `pk_flag`, `viewable_flag`, `related_flag`, `pk_seq`, `create_flag`, `operator_type`, `aggregate_type`, `state`, `operate_state`, `sync_state`, `gmt_create`, `gmt_modified`, `last_release_version`) VALUES (347786420984741915, 347786420934410240, 1, 'amt', 'amount', NULL, '金额', 3, NULL, '', 1, 0, 0, 0, 0, 0, 0, NULL, NULL, 1, 0, 1, '2019-06-18 16:59:04', '2019-11-22 16:25:39', NULL);
INSERT INTO `welab_skyeye`.`dbus_table_field`(`id`, `related_id`, `field_type`, `field_name`, `field_alias`, `source_field`, `field_annotation`, `value_type`, `max_length`, `default_value`, `nullable_flag`, `map_flag`, `pk_flag`, `viewable_flag`, `related_flag`, `pk_seq`, `create_flag`, `operator_type`, `aggregate_type`, `state`, `operate_state`, `sync_state`, `gmt_create`, `gmt_modified`, `last_release_version`) VALUES (347786420984741916, 347786420934410240, 1, 'tnr', 'tenor', NULL, '期限', 3, NULL, '', 1, 1, 0, 0, 0, 0, 0, NULL, NULL, 1, 0, 1, '2019-06-18 16:59:04', '2019-11-22 16:25:39', NULL);
INSERT INTO `welab_skyeye`.`dbus_table_field`(`id`, `related_id`, `field_type`, `field_name`, `field_alias`, `source_field`, `field_annotation`, `value_type`, `max_length`, `default_value`, `nullable_flag`, `map_flag`, `pk_flag`, `viewable_flag`, `related_flag`, `pk_seq`, `create_flag`, `operator_type`, `aggregate_type`, `state`, `operate_state`, `sync_state`, `gmt_create`, `gmt_modified`, `last_release_version`) VALUES (347786420984741917, 347786420934410240, 1, 'oa', 'operator_auth', NULL, '是否完成运营商授权	', 1, NULL, '', 1, 1, 0, 0, 0, 0, 0, NULL, NULL, 1, 0, 1, '2019-06-18 16:59:04', '2019-11-22 16:25:39', NULL);
INSERT INTO `welab_skyeye`.`dbus_table_field`(`id`, `related_id`, `field_type`, `field_name`, `field_alias`, `source_field`, `field_annotation`, `value_type`, `max_length`, `default_value`, `nullable_flag`, `map_flag`, `pk_flag`, `viewable_flag`, `related_flag`, `pk_seq`, `create_flag`, `operator_type`, `aggregate_type`, `state`, `operate_state`, `sync_state`, `gmt_create`, `gmt_modified`, `last_release_version`) VALUES (347786420984741918, 347786420934410240, 1, 'process', 'process', NULL, '放款状态', 3, NULL, '', 1, 1, 0, 0, 0, 0, 0, NULL, NULL, 1, 0, 1, '2019-06-18 16:59:04', '2019-11-22 16:25:39', NULL);
INSERT INTO `welab_skyeye`.`dbus_table_field`(`id`, `related_id`, `field_type`, `field_name`, `field_alias`, `source_field`, `field_annotation`, `value_type`, `max_length`, `default_value`, `nullable_flag`, `map_flag`, `pk_flag`, `viewable_flag`, `related_flag`, `pk_seq`, `create_flag`, `operator_type`, `aggregate_type`, `state`, `operate_state`, `sync_state`, `gmt_create`, `gmt_modified`, `last_release_version`) VALUES (347786420984741919, 347786420934410240, 1, 'login', 'login', NULL, '是否完成登录', 1, NULL, '', 1, 1, 0, 0, 0, 0, 0, NULL, NULL, 1, 0, 1, '2019-06-18 16:59:04', '2019-11-22 16:25:39', NULL);
INSERT INTO `welab_skyeye`.`dbus_table_field`(`id`, `related_id`, `field_type`, `field_name`, `field_alias`, `source_field`, `field_annotation`, `value_type`, `max_length`, `default_value`, `nullable_flag`, `map_flag`, `pk_flag`, `viewable_flag`, `related_flag`, `pk_seq`, `create_flag`, `operator_type`, `aggregate_type`, `state`, `operate_state`, `sync_state`, `gmt_create`, `gmt_modified`, `last_release_version`) VALUES (347786420984741920, 347786420934410240, 1, 'la', 'loan_amount', NULL, '申请金额', 3, NULL, '', 1, 0, 0, 0, 0, 0, 0, NULL, NULL, 1, 0, 1, '2019-06-18 16:59:04', '2019-11-22 16:25:39', NULL);
INSERT INTO `welab_skyeye`.`dbus_table_field`(`id`, `related_id`, `field_type`, `field_name`, `field_alias`, `source_field`, `field_annotation`, `value_type`, `max_length`, `default_value`, `nullable_flag`, `map_flag`, `pk_flag`, `viewable_flag`, `related_flag`, `pk_seq`, `create_flag`, `operator_type`, `aggregate_type`, `state`, `operate_state`, `sync_state`, `gmt_create`, `gmt_modified`, `last_release_version`) VALUES (347786420984741921, 347786420934410240, 1, 'period', 'period', NULL, '申请期数', 3, NULL, '', 1, 1, 0, 0, 0, 0, 0, NULL, NULL, 1, 0, 1, '2019-06-18 16:59:04', '2019-11-22 16:25:39', NULL);
INSERT INTO `welab_skyeye`.`dbus_table_field`(`id`, `related_id`, `field_type`, `field_name`, `field_alias`, `source_field`, `field_annotation`, `value_type`, `max_length`, `default_value`, `nullable_flag`, `map_flag`, `pk_flag`, `viewable_flag`, `related_flag`, `pk_seq`, `create_flag`, `operator_type`, `aggregate_type`, `state`, `operate_state`, `sync_state`, `gmt_create`, `gmt_modified`, `last_release_version`) VALUES (347786420984741922, 347786420934410240, 1, 'fr', 'fail_reason', NULL, '失败原因', 3, NULL, '', 1, 0, 0, 0, 0, 0, 0, NULL, NULL, 1, 0, 1, '2019-06-18 16:59:04', '2019-11-22 16:25:39', NULL);
INSERT INTO `welab_skyeye`.`dbus_table_field`(`id`, `related_id`, `field_type`, `field_name`, `field_alias`, `source_field`, `field_annotation`, `value_type`, `max_length`, `default_value`, `nullable_flag`, `map_flag`, `pk_flag`, `viewable_flag`, `related_flag`, `pk_seq`, `create_flag`, `operator_type`, `aggregate_type`, `state`, `operate_state`, `sync_state`, `gmt_create`, `gmt_modified`, `last_release_version`) VALUES (347786420984741923, 347786420934410240, 1, 'rs', 'relationship', NULL, '紧急联系人关系', 3, NULL, '', 1, 1, 0, 0, 0, 0, 0, NULL, NULL, 1, 0, 1, '2019-06-18 16:59:04', '2019-11-22 16:25:39', NULL);
INSERT INTO `welab_skyeye`.`dbus_table_field`(`id`, `related_id`, `field_type`, `field_name`, `field_alias`, `source_field`, `field_annotation`, `value_type`, `max_length`, `default_value`, `nullable_flag`, `map_flag`, `pk_flag`, `viewable_flag`, `related_flag`, `pk_seq`, `create_flag`, `operator_type`, `aggregate_type`, `state`, `operate_state`, `sync_state`, `gmt_create`, `gmt_modified`, `last_release_version`) VALUES (347786420984741924, 347786420934410240, 1, 'est', 'element_sub_type', NULL, '元素子类型', 3, NULL, '', 1, 1, 0, 0, 0, 0, 0, NULL, NULL, 1, 0, 1, '2019-06-18 16:59:04', '2019-11-22 16:25:39', NULL);
INSERT INTO `welab_skyeye`.`dbus_table_field`(`id`, `related_id`, `field_type`, `field_name`, `field_alias`, `source_field`, `field_annotation`, `value_type`, `max_length`, `default_value`, `nullable_flag`, `map_flag`, `pk_flag`, `viewable_flag`, `related_flag`, `pk_seq`, `create_flag`, `operator_type`, `aggregate_type`, `state`, `operate_state`, `sync_state`, `gmt_create`, `gmt_modified`, `last_release_version`) VALUES (347786420984741925, 347786420934410240, 1, 'register_channel_code', 'register_channel_code', NULL, '注册渠道', 3, NULL, '', 1, 1, 0, 0, 0, 0, 0, NULL, NULL, 1, 0, 1, '2019-06-18 16:59:04', '2019-11-22 16:25:39', NULL);
INSERT INTO `welab_skyeye`.`dbus_table_field`(`id`, `related_id`, `field_type`, `field_name`, `field_alias`, `source_field`, `field_annotation`, `value_type`, `max_length`, `default_value`, `nullable_flag`, `map_flag`, `pk_flag`, `viewable_flag`, `related_flag`, `pk_seq`, `create_flag`, `operator_type`, `aggregate_type`, `state`, `operate_state`, `sync_state`, `gmt_create`, `gmt_modified`, `last_release_version`) VALUES (347786420984741926, 347786420934410240, 1, 'subapply_channel_code', 'subapply_channel_code', NULL, '进件渠道', 3, NULL, '', 1, 1, 0, 0, 0, 0, 0, NULL, NULL, 1, 0, 1, '2019-06-18 16:59:04', '2019-11-22 16:25:39', NULL);
INSERT INTO `welab_skyeye`.`dbus_table_field`(`id`, `related_id`, `field_type`, `field_name`, `field_alias`, `source_field`, `field_annotation`, `value_type`, `max_length`, `default_value`, `nullable_flag`, `map_flag`, `pk_flag`, `viewable_flag`, `related_flag`, `pk_seq`, `create_flag`, `operator_type`, `aggregate_type`, `state`, `operate_state`, `sync_state`, `gmt_create`, `gmt_modified`, `last_release_version`) VALUES (347786420984741927, 347786420934410240, 1, 'credit_user', 'credit_user', NULL, '是否额度用户', 1, NULL, '', 1, 1, 0, 0, 0, 0, 0, NULL, NULL, 1, 0, 1, '2019-06-18 16:59:04', '2019-11-22 16:25:39', NULL);
INSERT INTO `welab_skyeye`.`dbus_table_field`(`id`, `related_id`, `field_type`, `field_name`, `field_alias`, `source_field`, `field_annotation`, `value_type`, `max_length`, `default_value`, `nullable_flag`, `map_flag`, `pk_flag`, `viewable_flag`, `related_flag`, `pk_seq`, `create_flag`, `operator_type`, `aggregate_type`, `state`, `operate_state`, `sync_state`, `gmt_create`, `gmt_modified`, `last_release_version`) VALUES (347786420984741928, 347786420934410240, 1, 'at', 'api_type', NULL, '接口类型', 3, NULL, '', 1, 1, 0, 0, 0, 0, 0, NULL, NULL, 1, 0, 1, '2019-06-18 16:59:04', '2019-11-22 16:25:39', NULL);
INSERT INTO `welab_skyeye`.`dbus_table_field`(`id`, `related_id`, `field_type`, `field_name`, `field_alias`, `source_field`, `field_annotation`, `value_type`, `max_length`, `default_value`, `nullable_flag`, `map_flag`, `pk_flag`, `viewable_flag`, `related_flag`, `pk_seq`, `create_flag`, `operator_type`, `aggregate_type`, `state`, `operate_state`, `sync_state`, `gmt_create`, `gmt_modified`, `last_release_version`) VALUES (347786420984741929, 347786420934410240, 1, 'ar', 'api_result', NULL, '接口返回结果', 1, NULL, '', 1, 1, 0, 0, 0, 0, 0, NULL, NULL, 1, 0, 1, '2019-06-18 16:59:04', '2019-11-22 16:25:39', NULL);
INSERT INTO `welab_skyeye`.`dbus_table_field`(`id`, `related_id`, `field_type`, `field_name`, `field_alias`, `source_field`, `field_annotation`, `value_type`, `max_length`, `default_value`, `nullable_flag`, `map_flag`, `pk_flag`, `viewable_flag`, `related_flag`, `pk_seq`, `create_flag`, `operator_type`, `aggregate_type`, `state`, `operate_state`, `sync_state`, `gmt_create`, `gmt_modified`, `last_release_version`) VALUES (347786420984741930, 347786420934410240, 1, 'ac', 'api_content', NULL, '接口返回内容', 3, NULL, '', 1, 0, 0, 0, 0, 0, 0, NULL, NULL, 1, 0, 1, '2019-06-18 16:59:04', '2019-11-22 16:25:39', NULL);
INSERT INTO `welab_skyeye`.`dbus_table_field`(`id`, `related_id`, `field_type`, `field_name`, `field_alias`, `source_field`, `field_annotation`, `value_type`, `max_length`, `default_value`, `nullable_flag`, `map_flag`, `pk_flag`, `viewable_flag`, `related_flag`, `pk_seq`, `create_flag`, `operator_type`, `aggregate_type`, `state`, `operate_state`, `sync_state`, `gmt_create`, `gmt_modified`, `last_release_version`) VALUES (347786420984741931, 347786420934410240, 1, 'ifl', 'is_first_login', NULL, '是否首次登录', 1, NULL, '', 1, 1, 0, 0, 0, 0, 0, NULL, NULL, 1, 0, 1, '2019-06-18 16:59:04', '2019-11-22 16:25:39', NULL);
INSERT INTO `welab_skyeye`.`dbus_table_field`(`id`, `related_id`, `field_type`, `field_name`, `field_alias`, `source_field`, `field_annotation`, `value_type`, `max_length`, `default_value`, `nullable_flag`, `map_flag`, `pk_flag`, `viewable_flag`, `related_flag`, `pk_seq`, `create_flag`, `operator_type`, `aggregate_type`, `state`, `operate_state`, `sync_state`, `gmt_create`, `gmt_modified`, `last_release_version`) VALUES (347786420984741932, 347786420934410240, 1, 'vr', 'validation_result', NULL, '正则验证结果', 1, NULL, '', 1, 1, 0, 0, 0, 0, 0, NULL, NULL, 1, 0, 1, '2019-06-18 16:59:04', '2019-11-22 16:25:39', NULL);
INSERT INTO `welab_skyeye`.`dbus_table_field`(`id`, `related_id`, `field_type`, `field_name`, `field_alias`, `source_field`, `field_annotation`, `value_type`, `max_length`, `default_value`, `nullable_flag`, `map_flag`, `pk_flag`, `viewable_flag`, `related_flag`, `pk_seq`, `create_flag`, `operator_type`, `aggregate_type`, `state`, `operate_state`, `sync_state`, `gmt_create`, `gmt_modified`, `last_release_version`) VALUES (347786420984741933, 347786420934410240, 1, 'ws', 'wedefend_score', NULL, 'wedefend比对分', 1, NULL, '', 1, 0, 0, 0, 0, 0, 0, NULL, NULL, 1, 0, 1, '2019-06-18 16:59:04', '2019-11-22 16:25:39', NULL);
INSERT INTO `welab_skyeye`.`dbus_table_field`(`id`, `related_id`, `field_type`, `field_name`, `field_alias`, `source_field`, `field_annotation`, `value_type`, `max_length`, `default_value`, `nullable_flag`, `map_flag`, `pk_flag`, `viewable_flag`, `related_flag`, `pk_seq`, `create_flag`, `operator_type`, `aggregate_type`, `state`, `operate_state`, `sync_state`, `gmt_create`, `gmt_modified`, `last_release_version`) VALUES (347786420984741934, 347786420934410240, 1, 'wm', 'wifi_mac', NULL, 'wifi mac地址', 3, NULL, '', 1, 0, 0, 0, 0, 0, 0, NULL, NULL, 1, 0, 1, '2019-06-18 16:59:04', '2019-11-22 16:25:39', NULL);
INSERT INTO `welab_skyeye`.`dbus_table_field`(`id`, `related_id`, `field_type`, `field_name`, `field_alias`, `source_field`, `field_annotation`, `value_type`, `max_length`, `default_value`, `nullable_flag`, `map_flag`, `pk_flag`, `viewable_flag`, `related_flag`, `pk_seq`, `create_flag`, `operator_type`, `aggregate_type`, `state`, `operate_state`, `sync_state`, `gmt_create`, `gmt_modified`, `last_release_version`) VALUES (347786420984741935, 347786420934410240, 1, 'on', 'ocr_name', NULL, 'OCR识别姓名', 3, NULL, '', 1, 0, 0, 0, 0, 0, 0, NULL, NULL, 1, 0, 1, '2019-06-18 16:59:04', '2019-11-22 16:25:39', NULL);
INSERT INTO `welab_skyeye`.`dbus_table_field`(`id`, `related_id`, `field_type`, `field_name`, `field_alias`, `source_field`, `field_annotation`, `value_type`, `max_length`, `default_value`, `nullable_flag`, `map_flag`, `pk_flag`, `viewable_flag`, `related_flag`, `pk_seq`, `create_flag`, `operator_type`, `aggregate_type`, `state`, `operate_state`, `sync_state`, `gmt_create`, `gmt_modified`, `last_release_version`) VALUES (347786420984741936, 347786420934410240, 1, 'oc', 'ocr_cnid', NULL, 'OCR识别身份证号', 3, NULL, '', 1, 0, 0, 0, 0, 0, 0, NULL, NULL, 1, 0, 1, '2019-06-18 16:59:04', '2019-11-22 16:25:39', NULL);
INSERT INTO `welab_skyeye`.`dbus_table_field`(`id`, `related_id`, `field_type`, `field_name`, `field_alias`, `source_field`, `field_annotation`, `value_type`, `max_length`, `default_value`, `nullable_flag`, `map_flag`, `pk_flag`, `viewable_flag`, `related_flag`, `pk_seq`, `create_flag`, `operator_type`, `aggregate_type`, `state`, `operate_state`, `sync_state`, `gmt_create`, `gmt_modified`, `last_release_version`) VALUES (347786420984741937, 347786420934410240, 1, 'ai', 'apply_id', NULL, '应用标识', 3, NULL, '', 1, 1, 0, 0, 0, 0, 0, NULL, NULL, 1, 0, 1, '2019-06-18 16:59:04', '2019-11-22 16:25:39', NULL);
INSERT INTO `welab_skyeye`.`dbus_table_field`(`id`, `related_id`, `field_type`, `field_name`, `field_alias`, `source_field`, `field_annotation`, `value_type`, `max_length`, `default_value`, `nullable_flag`, `map_flag`, `pk_flag`, `viewable_flag`, `related_flag`, `pk_seq`, `create_flag`, `operator_type`, `aggregate_type`, `state`, `operate_state`, `sync_state`, `gmt_create`, `gmt_modified`, `last_release_version`) VALUES (378222785559789568, 347786420934410240, 1, 'event_time_millis', 'event_time_millis', NULL, '事件上报时间(毫秒)', 5, NULL, '', 1, 0, 0, 0, 0, 0, 0, NULL, NULL, 1, 0, 1, '2019-09-10 16:42:19', '2019-11-22 16:25:39', NULL);
INSERT INTO `welab_skyeye`.`dbus_table_field`(`id`, `related_id`, `field_type`, `field_name`, `field_alias`, `source_field`, `field_annotation`, `value_type`, `max_length`, `default_value`, `nullable_flag`, `map_flag`, `pk_flag`, `viewable_flag`, `related_flag`, `pk_seq`, `create_flag`, `operator_type`, `aggregate_type`, `state`, `operate_state`, `sync_state`, `gmt_create`, `gmt_modified`, `last_release_version`) VALUES (378222785559789569, 347786420934410240, 1, 'user_type', 'user_type', NULL, '用户类型', 1, NULL, '', 1, 1, 0, 0, 0, 0, 0, NULL, NULL, 1, 0, 1, '2019-09-10 16:42:19', '2019-11-22 16:25:39', NULL);
INSERT INTO `welab_skyeye`.`dbus_table_field`(`id`, `related_id`, `field_type`, `field_name`, `field_alias`, `source_field`, `field_annotation`, `value_type`, `max_length`, `default_value`, `nullable_flag`, `map_flag`, `pk_flag`, `viewable_flag`, `related_flag`, `pk_seq`, `create_flag`, `operator_type`, `aggregate_type`, `state`, `operate_state`, `sync_state`, `gmt_create`, `gmt_modified`, `last_release_version`) VALUES (378255416406048768, 347786420934410240, 1, 'xt', 'x_timestamp', NULL, '前端上报时间', 1, NULL, '', 1, 0, 0, 0, 0, 0, 0, NULL, NULL, 1, 0, 1, '2019-09-10 18:51:58', '2019-11-22 16:25:39', NULL);
INSERT INTO `welab_skyeye`.`dbus_table_field`(`id`, `related_id`, `field_type`, `field_name`, `field_alias`, `source_field`, `field_annotation`, `value_type`, `max_length`, `default_value`, `nullable_flag`, `map_flag`, `pk_flag`, `viewable_flag`, `related_flag`, `pk_seq`, `create_flag`, `operator_type`, `aggregate_type`, `state`, `operate_state`, `sync_state`, `gmt_create`, `gmt_modified`, `last_release_version`) VALUES (378552545162821632, 347786420934410240, 1, 'subapply_audit_time', 'subapply_audit_time', NULL, '进件审核时间', 4, NULL, '', 1, 0, 0, 0, 0, 0, 0, NULL, NULL, 1, 0, 1, '2019-09-11 14:32:39', '2019-11-22 16:25:39', NULL);
INSERT INTO `welab_skyeye`.`dbus_table_field`(`id`, `related_id`, `field_type`, `field_name`, `field_alias`, `source_field`, `field_annotation`, `value_type`, `max_length`, `default_value`, `nullable_flag`, `map_flag`, `pk_flag`, `viewable_flag`, `related_flag`, `pk_seq`, `create_flag`, `operator_type`, `aggregate_type`, `state`, `operate_state`, `sync_state`, `gmt_create`, `gmt_modified`, `last_release_version`) VALUES (393717436001550336, 347786420934410240, 1, 'gps', 'gps_address', NULL, 'gps地址', 3, NULL, '', 1, 0, 0, 0, 0, 0, 0, NULL, NULL, 1, 0, 1, '2019-10-23 10:52:31', '2019-11-22 16:25:39', NULL);
INSERT INTO `welab_skyeye`.`dbus_table_field`(`id`, `related_id`, `field_type`, `field_name`, `field_alias`, `source_field`, `field_annotation`, `value_type`, `max_length`, `default_value`, `nullable_flag`, `map_flag`, `pk_flag`, `viewable_flag`, `related_flag`, `pk_seq`, `create_flag`, `operator_type`, `aggregate_type`, `state`, `operate_state`, `sync_state`, `gmt_create`, `gmt_modified`, `last_release_version`) VALUES (393717436001550337, 347786420934410240, 1, 'pay_code', 'pay_code', NULL, '资金方code', 3, NULL, '', 1, 1, 0, 0, 0, 0, 0, NULL, NULL, 1, 0, 1, '2019-10-23 10:52:31', '2019-11-22 16:25:39', NULL);
INSERT INTO `welab_skyeye`.`dbus_table_field`(`id`, `related_id`, `field_type`, `field_name`, `field_alias`, `source_field`, `field_annotation`, `value_type`, `max_length`, `default_value`, `nullable_flag`, `map_flag`, `pk_flag`, `viewable_flag`, `related_flag`, `pk_seq`, `create_flag`, `operator_type`, `aggregate_type`, `state`, `operate_state`, `sync_state`, `gmt_create`, `gmt_modified`, `last_release_version`) VALUES (393717436001550338, 347786420934410240, 1, 'subapply_product_code', 'subapply_product_code', NULL, '进件产品号', 3, NULL, '', 1, 1, 0, 0, 0, 0, 0, NULL, NULL, 1, 0, 1, '2019-10-23 10:52:31', '2019-11-22 16:25:39', NULL);
INSERT INTO `welab_skyeye`.`dbus_table_field`(`id`, `related_id`, `field_type`, `field_name`, `field_alias`, `source_field`, `field_annotation`, `value_type`, `max_length`, `default_value`, `nullable_flag`, `map_flag`, `pk_flag`, `viewable_flag`, `related_flag`, `pk_seq`, `create_flag`, `operator_type`, `aggregate_type`, `state`, `operate_state`, `sync_state`, `gmt_create`, `gmt_modified`, `last_release_version`) VALUES (393717436001550339, 347786420934410240, 1, 'user_level', 'user_level', NULL, '用户等级', 3, NULL, '', 1, 1, 0, 0, 0, 0, 0, NULL, NULL, 1, 0, 1, '2019-10-23 10:52:31', '2019-11-22 16:25:39', NULL);
INSERT INTO `welab_skyeye`.`dbus_table_field`(`id`, `related_id`, `field_type`, `field_name`, `field_alias`, `source_field`, `field_annotation`, `value_type`, `max_length`, `default_value`, `nullable_flag`, `map_flag`, `pk_flag`, `viewable_flag`, `related_flag`, `pk_seq`, `create_flag`, `operator_type`, `aggregate_type`, `state`, `operate_state`, `sync_state`, `gmt_create`, `gmt_modified`, `last_release_version`) VALUES (393717436001550340, 347786420934410240, 1, 'cs', 'gps_type', NULL, '坐标系', 3, NULL, '', 1, 1, 0, 0, 0, 0, 0, NULL, NULL, 1, 0, 1, '2019-10-23 10:52:31', '2019-11-22 16:25:39', NULL);
INSERT INTO `welab_skyeye`.`dbus_table_field`(`id`, `related_id`, `field_type`, `field_name`, `field_alias`, `source_field`, `field_annotation`, `value_type`, `max_length`, `default_value`, `nullable_flag`, `map_flag`, `pk_flag`, `viewable_flag`, `related_flag`, `pk_seq`, `create_flag`, `operator_type`, `aggregate_type`, `state`, `operate_state`, `sync_state`, `gmt_create`, `gmt_modified`, `last_release_version`) VALUES (413371607373844480, 347786420934410240, 1, 'crno', 'car_no', NULL, '车牌号', 3, NULL, '', 1, 0, 0, 0, 0, 0, 0, NULL, NULL, 1, 0, 1, '2019-12-16 16:31:11', '2019-12-16 17:36:01', NULL);
INSERT INTO `welab_skyeye`.`dbus_table_field`(`id`, `related_id`, `field_type`, `field_name`, `field_alias`, `source_field`, `field_annotation`, `value_type`, `max_length`, `default_value`, `nullable_flag`, `map_flag`, `pk_flag`, `viewable_flag`, `related_flag`, `pk_seq`, `create_flag`, `operator_type`, `aggregate_type`, `state`, `operate_state`, `sync_state`, `gmt_create`, `gmt_modified`, `last_release_version`) VALUES (413371607373844481, 347786420934410240, 1, 'spno', 'shop_no', NULL, '会员名', 3, NULL, '', 1, 0, 0, 0, 0, 0, 0, NULL, NULL, 1, 0, 1, '2019-12-16 16:31:11', '2019-12-16 17:36:01', NULL);
INSERT INTO `welab_skyeye`.`dbus_table_field`(`id`, `related_id`, `field_type`, `field_name`, `field_alias`, `source_field`, `field_annotation`, `value_type`, `max_length`, `default_value`, `nullable_flag`, `map_flag`, `pk_flag`, `viewable_flag`, `related_flag`, `pk_seq`, `create_flag`, `operator_type`, `aggregate_type`, `state`, `operate_state`, `sync_state`, `gmt_create`, `gmt_modified`, `last_release_version`) VALUES (413371607373844482, 347786420934410240, 1, 'spurl', 'shop_url', NULL, '店铺链接', 3, NULL, '', 1, 0, 0, 0, 0, 0, 0, NULL, NULL, 1, 0, 1, '2019-12-16 16:31:11', '2019-12-16 17:36:01', NULL);
INSERT INTO `welab_skyeye`.`dbus_table_field`(`id`, `related_id`, `field_type`, `field_name`, `field_alias`, `source_field`, `field_annotation`, `value_type`, `max_length`, `default_value`, `nullable_flag`, `map_flag`, `pk_flag`, `viewable_flag`, `related_flag`, `pk_seq`, `create_flag`, `operator_type`, `aggregate_type`, `state`, `operate_state`, `sync_state`, `gmt_create`, `gmt_modified`, `last_release_version`) VALUES (413371607378038784, 347786420934410240, 1, 'fcnt', 'fail_count', NULL, '失败次数', 1, NULL, '', 1, 0, 0, 0, 0, 0, 0, NULL, NULL, 1, 0, 1, '2019-12-16 16:31:11', '2019-12-16 17:36:01', NULL);
INSERT INTO `welab_skyeye`.`dbus_table_field`(`id`, `related_id`, `field_type`, `field_name`, `field_alias`, `source_field`, `field_annotation`, `value_type`, `max_length`, `default_value`, `nullable_flag`, `map_flag`, `pk_flag`, `viewable_flag`, `related_flag`, `pk_seq`, `create_flag`, `operator_type`, `aggregate_type`, `state`, `operate_state`, `sync_state`, `gmt_create`, `gmt_modified`, `last_release_version`) VALUES (413371607378038785, 347786420934410240, 1, 'cst', 'cost_time', NULL, '耗时', 2, NULL, '', 1, 0, 0, 0, 0, 0, 0, NULL, NULL, 1, 0, 1, '2019-12-16 16:31:11', '2019-12-16 17:36:01', NULL);
INSERT INTO `welab_skyeye`.`dbus_table_field`(`id`, `related_id`, `field_type`, `field_name`, `field_alias`, `source_field`, `field_annotation`, `value_type`, `max_length`, `default_value`, `nullable_flag`, `map_flag`, `pk_flag`, `viewable_flag`, `related_flag`, `pk_seq`, `create_flag`, `operator_type`, `aggregate_type`, `state`, `operate_state`, `sync_state`, `gmt_create`, `gmt_modified`, `last_release_version`) VALUES (413371607378038786, 347786420934410240, 1, 'adsts', 'audit_status', NULL, '审核状态', 3, NULL, '', 1, 1, 0, 0, 0, 0, 0, NULL, NULL, 1, 0, 1, '2019-12-16 16:31:11', '2019-12-16 17:36:01', NULL);


-- welab_users 表结构
INSERT INTO `welab_skyeye`.`dbus_table_field`(`id`, `related_id`, `field_type`, `field_name`, `field_alias`, `source_field`, `field_annotation`, `value_type`, `max_length`, `default_value`, `nullable_flag`, `map_flag`, `pk_flag`, `viewable_flag`, `related_flag`, `pk_seq`, `create_flag`, `operator_type`, `aggregate_type`, `state`, `operate_state`, `sync_state`, `gmt_create`, `gmt_modified`, `last_release_version`) VALUES (356150994960121856, 356150994888818688, 2, 'is_active_', NULL, NULL, '是否删除', 3, NULL, '', 1, 0, 0, 1, 0, 0, 0, NULL, NULL, 1, 0, 1, '2019-07-11 18:56:54', '2019-08-19 18:14:22', NULL);
INSERT INTO `welab_skyeye`.`dbus_table_field`(`id`, `related_id`, `field_type`, `field_name`, `field_alias`, `source_field`, `field_annotation`, `value_type`, `max_length`, `default_value`, `nullable_flag`, `map_flag`, `pk_flag`, `viewable_flag`, `related_flag`, `pk_seq`, `create_flag`, `operator_type`, `aggregate_type`, `state`, `operate_state`, `sync_state`, `gmt_create`, `gmt_modified`, `last_release_version`) VALUES (356150994960121857, 356150994888818688, 2, 'ums_id_', NULL, NULL, '偏移量', 3, NULL, '', 1, 0, 0, 1, 0, 0, 0, NULL, NULL, 1, 0, 1, '2019-07-11 18:56:54', '2019-08-19 18:14:22', NULL);
INSERT INTO `welab_skyeye`.`dbus_table_field`(`id`, `related_id`, `field_type`, `field_name`, `field_alias`, `source_field`, `field_annotation`, `value_type`, `max_length`, `default_value`, `nullable_flag`, `map_flag`, `pk_flag`, `viewable_flag`, `related_flag`, `pk_seq`, `create_flag`, `operator_type`, `aggregate_type`, `state`, `operate_state`, `sync_state`, `gmt_create`, `gmt_modified`, `last_release_version`) VALUES (356150994960121858, 356150994888818688, 2, 'create_date_time', NULL, NULL, '创建时间', 3, NULL, '', 1, 0, 0, 1, 0, 0, 0, NULL, NULL, 1, 0, 1, '2019-07-11 18:56:54', '2019-08-19 18:14:22', NULL);
INSERT INTO `welab_skyeye`.`dbus_table_field`(`id`, `related_id`, `field_type`, `field_name`, `field_alias`, `source_field`, `field_annotation`, `value_type`, `max_length`, `default_value`, `nullable_flag`, `map_flag`, `pk_flag`, `viewable_flag`, `related_flag`, `pk_seq`, `create_flag`, `operator_type`, `aggregate_type`, `state`, `operate_state`, `sync_state`, `gmt_create`, `gmt_modified`, `last_release_version`) VALUES (356150994960121859, 356150994888818688, 2, 'update_date_time', NULL, NULL, '更新时间', 3, NULL, '', 1, 0, 0, 1, 0, 0, 0, NULL, NULL, 1, 0, 1, '2019-07-11 18:56:54', '2019-08-19 18:14:22', NULL);
INSERT INTO `welab_skyeye`.`dbus_table_field`(`id`, `related_id`, `field_type`, `field_name`, `field_alias`, `source_field`, `field_annotation`, `value_type`, `max_length`, `default_value`, `nullable_flag`, `map_flag`, `pk_flag`, `viewable_flag`, `related_flag`, `pk_seq`, `create_flag`, `operator_type`, `aggregate_type`, `state`, `operate_state`, `sync_state`, `gmt_create`, `gmt_modified`, `last_release_version`) VALUES (356150994960121860, 356150994888818688, 2, 'event_time', NULL, NULL, '事件上报时间毫秒', 1, NULL, '', 1, 0, 0, 1, 0, 0, 0, NULL, NULL, 1, 0, 1, '2019-07-11 18:56:54', '2019-08-19 18:14:22', NULL);
INSERT INTO `welab_skyeye`.`dbus_table_field`(`id`, `related_id`, `field_type`, `field_name`, `field_alias`, `source_field`, `field_annotation`, `value_type`, `max_length`, `default_value`, `nullable_flag`, `map_flag`, `pk_flag`, `viewable_flag`, `related_flag`, `pk_seq`, `create_flag`, `operator_type`, `aggregate_type`, `state`, `operate_state`, `sync_state`, `gmt_create`, `gmt_modified`, `last_release_version`) VALUES (356150994960121861, 356150994888818688, 2, 'event_time_hour', NULL, NULL, '事件上报时间小时', 1, NULL, '', 1, 0, 0, 1, 0, 0, 0, NULL, NULL, 1, 0, 1, '2019-07-11 18:56:54', '2019-08-19 18:14:22', NULL);
INSERT INTO `welab_skyeye`.`dbus_table_field`(`id`, `related_id`, `field_type`, `field_name`, `field_alias`, `source_field`, `field_annotation`, `value_type`, `max_length`, `default_value`, `nullable_flag`, `map_flag`, `pk_flag`, `viewable_flag`, `related_flag`, `pk_seq`, `create_flag`, `operator_type`, `aggregate_type`, `state`, `operate_state`, `sync_state`, `gmt_create`, `gmt_modified`, `last_release_version`) VALUES (356150994960121862, 356150994888818688, 2, 'event_time_day', NULL, NULL, '事件上报时间天', 1, NULL, '', 1, 0, 0, 1, 0, 0, 0, NULL, NULL, 1, 0, 1, '2019-07-11 18:56:54', '2019-08-19 18:14:22', NULL);
INSERT INTO `welab_skyeye`.`dbus_table_field`(`id`, `related_id`, `field_type`, `field_name`, `field_alias`, `source_field`, `field_annotation`, `value_type`, `max_length`, `default_value`, `nullable_flag`, `map_flag`, `pk_flag`, `viewable_flag`, `related_flag`, `pk_seq`, `create_flag`, `operator_type`, `aggregate_type`, `state`, `operate_state`, `sync_state`, `gmt_create`, `gmt_modified`, `last_release_version`) VALUES (356150994960121863, 356150994888818688, 2, 'event_time_week', NULL, NULL, '事件上报时间周', 1, NULL, '', 1, 0, 0, 1, 0, 0, 0, NULL, NULL, 1, 0, 1, '2019-07-11 18:56:54', '2019-08-19 18:14:22', NULL);
INSERT INTO `welab_skyeye`.`dbus_table_field`(`id`, `related_id`, `field_type`, `field_name`, `field_alias`, `source_field`, `field_annotation`, `value_type`, `max_length`, `default_value`, `nullable_flag`, `map_flag`, `pk_flag`, `viewable_flag`, `related_flag`, `pk_seq`, `create_flag`, `operator_type`, `aggregate_type`, `state`, `operate_state`, `sync_state`, `gmt_create`, `gmt_modified`, `last_release_version`) VALUES (356150994960121864, 356150994888818688, 2, 'event_time_month', NULL, NULL, '事件上报时间月', 1, NULL, '', 1, 0, 0, 1, 0, 0, 0, NULL, NULL, 1, 0, 1, '2019-07-11 18:56:54', '2019-08-19 18:14:22', NULL);
INSERT INTO `welab_skyeye`.`dbus_table_field`(`id`, `related_id`, `field_type`, `field_name`, `field_alias`, `source_field`, `field_annotation`, `value_type`, `max_length`, `default_value`, `nullable_flag`, `map_flag`, `pk_flag`, `viewable_flag`, `related_flag`, `pk_seq`, `create_flag`, `operator_type`, `aggregate_type`, `state`, `operate_state`, `sync_state`, `gmt_create`, `gmt_modified`, `last_release_version`) VALUES (356150994960121865, 356150994888818688, 2, 'event_time_minute', '', NULL, '事件上报时间分钟', 1, NULL, '', 1, 0, 0, 0, 0, 0, 0, NULL, NULL, 1, 0, 1, '2019-07-11 18:56:54', '2019-08-19 18:14:22', NULL);
INSERT INTO `welab_skyeye`.`dbus_table_field`(`id`, `related_id`, `field_type`, `field_name`, `field_alias`, `source_field`, `field_annotation`, `value_type`, `max_length`, `default_value`, `nullable_flag`, `map_flag`, `pk_flag`, `viewable_flag`, `related_flag`, `pk_seq`, `create_flag`, `operator_type`, `aggregate_type`, `state`, `operate_state`, `sync_state`, `gmt_create`, `gmt_modified`, `last_release_version`) VALUES (356150995010453504, 356150994981093376, 1, 'id', '', NULL, '用户ID', 5, NULL, '', 1, 0, 0, 0, 0, 0, 0, NULL, NULL, 1, 0, 1, '2019-07-11 18:59:21', '2019-08-19 18:14:22', NULL);
INSERT INTO `welab_skyeye`.`dbus_table_field`(`id`, `related_id`, `field_type`, `field_name`, `field_alias`, `source_field`, `field_annotation`, `value_type`, `max_length`, `default_value`, `nullable_flag`, `map_flag`, `pk_flag`, `viewable_flag`, `related_flag`, `pk_seq`, `create_flag`, `operator_type`, `aggregate_type`, `state`, `operate_state`, `sync_state`, `gmt_create`, `gmt_modified`, `last_release_version`) VALUES (356150995010453505, 356150994981093376, 1, 'mobile', NULL, NULL, '用户手机号', 3, NULL, '', 1, 0, 0, 0, 0, 0, 0, NULL, NULL, 1, 0, 1, '2019-07-11 18:56:54', '2019-08-19 18:14:22', NULL);
INSERT INTO `welab_skyeye`.`dbus_table_field`(`id`, `related_id`, `field_type`, `field_name`, `field_alias`, `source_field`, `field_annotation`, `value_type`, `max_length`, `default_value`, `nullable_flag`, `map_flag`, `pk_flag`, `viewable_flag`, `related_flag`, `pk_seq`, `create_flag`, `operator_type`, `aggregate_type`, `state`, `operate_state`, `sync_state`, `gmt_create`, `gmt_modified`, `last_release_version`) VALUES (356150995010453506, 356150994981093376, 1, 'encrypted_password', NULL, NULL, '密码', 3, NULL, '', 1, 0, 0, 0, 0, 0, 0, NULL, NULL, 1, 0, 1, '2019-07-11 18:56:54', '2019-08-19 18:14:22', NULL);
INSERT INTO `welab_skyeye`.`dbus_table_field`(`id`, `related_id`, `field_type`, `field_name`, `field_alias`, `source_field`, `field_annotation`, `value_type`, `max_length`, `default_value`, `nullable_flag`, `map_flag`, `pk_flag`, `viewable_flag`, `related_flag`, `pk_seq`, `create_flag`, `operator_type`, `aggregate_type`, `state`, `operate_state`, `sync_state`, `gmt_create`, `gmt_modified`, `last_release_version`) VALUES (356150995010453507, 356150994981093376, 1, 'reset_password_token', NULL, NULL, '重置密码', 3, NULL, NULL, 1, 0, 0, 0, 0, 0, 0, NULL, NULL, 1, 0, 1, '2019-07-11 18:56:54', '2019-08-19 18:14:22', NULL);
INSERT INTO `welab_skyeye`.`dbus_table_field`(`id`, `related_id`, `field_type`, `field_name`, `field_alias`, `source_field`, `field_annotation`, `value_type`, `max_length`, `default_value`, `nullable_flag`, `map_flag`, `pk_flag`, `viewable_flag`, `related_flag`, `pk_seq`, `create_flag`, `operator_type`, `aggregate_type`, `state`, `operate_state`, `sync_state`, `gmt_create`, `gmt_modified`, `last_release_version`) VALUES (356150995010453508, 356150994981093376, 1, 'reset_password_sent_at', NULL, NULL, '重置密码时间', 4, NULL, '', 1, 0, 0, 0, 0, 0, 0, NULL, NULL, 1, 0, 1, '2019-07-11 18:56:54', '2019-08-19 18:14:22', NULL);
INSERT INTO `welab_skyeye`.`dbus_table_field`(`id`, `related_id`, `field_type`, `field_name`, `field_alias`, `source_field`, `field_annotation`, `value_type`, `max_length`, `default_value`, `nullable_flag`, `map_flag`, `pk_flag`, `viewable_flag`, `related_flag`, `pk_seq`, `create_flag`, `operator_type`, `aggregate_type`, `state`, `operate_state`, `sync_state`, `gmt_create`, `gmt_modified`, `last_release_version`) VALUES (356150995014647808, 356150994981093376, 1, 'sign_in_count', NULL, NULL, '登录次数', 1, NULL, '', 1, 0, 0, 0, 0, 0, 0, NULL, NULL, 1, 0, 1, '2019-07-11 18:56:54', '2019-08-19 18:14:22', NULL);
INSERT INTO `welab_skyeye`.`dbus_table_field`(`id`, `related_id`, `field_type`, `field_name`, `field_alias`, `source_field`, `field_annotation`, `value_type`, `max_length`, `default_value`, `nullable_flag`, `map_flag`, `pk_flag`, `viewable_flag`, `related_flag`, `pk_seq`, `create_flag`, `operator_type`, `aggregate_type`, `state`, `operate_state`, `sync_state`, `gmt_create`, `gmt_modified`, `last_release_version`) VALUES (356150995014647809, 356150994981093376, 1, 'current_sign_in_at', NULL, NULL, '当前登录时间', 4, NULL, '', 1, 0, 0, 0, 0, 0, 0, NULL, NULL, 1, 0, 1, '2019-07-11 18:56:54', '2019-08-19 18:14:22', NULL);
INSERT INTO `welab_skyeye`.`dbus_table_field`(`id`, `related_id`, `field_type`, `field_name`, `field_alias`, `source_field`, `field_annotation`, `value_type`, `max_length`, `default_value`, `nullable_flag`, `map_flag`, `pk_flag`, `viewable_flag`, `related_flag`, `pk_seq`, `create_flag`, `operator_type`, `aggregate_type`, `state`, `operate_state`, `sync_state`, `gmt_create`, `gmt_modified`, `last_release_version`) VALUES (356150995014647810, 356150994981093376, 1, 'last_sign_in_at', NULL, NULL, '上次登录时间', 4, NULL, '', 1, 0, 0, 0, 0, 0, 0, NULL, NULL, 1, 0, 1, '2019-07-11 18:56:54', '2019-08-19 18:14:22', NULL);
INSERT INTO `welab_skyeye`.`dbus_table_field`(`id`, `related_id`, `field_type`, `field_name`, `field_alias`, `source_field`, `field_annotation`, `value_type`, `max_length`, `default_value`, `nullable_flag`, `map_flag`, `pk_flag`, `viewable_flag`, `related_flag`, `pk_seq`, `create_flag`, `operator_type`, `aggregate_type`, `state`, `operate_state`, `sync_state`, `gmt_create`, `gmt_modified`, `last_release_version`) VALUES (356150995014647811, 356150994981093376, 1, 'current_sign_in_ip', NULL, NULL, '当前登录IP', 3, NULL, NULL, 1, 0, 0, 0, 0, 0, 0, NULL, NULL, 1, 0, 1, '2019-07-11 18:56:54', '2019-08-19 18:14:22', NULL);
INSERT INTO `welab_skyeye`.`dbus_table_field`(`id`, `related_id`, `field_type`, `field_name`, `field_alias`, `source_field`, `field_annotation`, `value_type`, `max_length`, `default_value`, `nullable_flag`, `map_flag`, `pk_flag`, `viewable_flag`, `related_flag`, `pk_seq`, `create_flag`, `operator_type`, `aggregate_type`, `state`, `operate_state`, `sync_state`, `gmt_create`, `gmt_modified`, `last_release_version`) VALUES (356150995014647812, 356150994981093376, 1, 'last_sign_in_ip', NULL, NULL, '上次登录IP', 3, NULL, NULL, 1, 0, 0, 0, 0, 0, 0, NULL, NULL, 1, 0, 1, '2019-07-11 18:56:54', '2019-08-19 18:14:22', NULL);
INSERT INTO `welab_skyeye`.`dbus_table_field`(`id`, `related_id`, `field_type`, `field_name`, `field_alias`, `source_field`, `field_annotation`, `value_type`, `max_length`, `default_value`, `nullable_flag`, `map_flag`, `pk_flag`, `viewable_flag`, `related_flag`, `pk_seq`, `create_flag`, `operator_type`, `aggregate_type`, `state`, `operate_state`, `sync_state`, `gmt_create`, `gmt_modified`, `last_release_version`) VALUES (356150995014647813, 356150994981093376, 1, 'confirmed_at', NULL, NULL, '真正登录时间', 4, NULL, '', 1, 0, 0, 0, 0, 0, 0, NULL, NULL, 1, 0, 1, '2019-07-11 18:56:54', '2019-08-19 18:14:22', NULL);
INSERT INTO `welab_skyeye`.`dbus_table_field`(`id`, `related_id`, `field_type`, `field_name`, `field_alias`, `source_field`, `field_annotation`, `value_type`, `max_length`, `default_value`, `nullable_flag`, `map_flag`, `pk_flag`, `viewable_flag`, `related_flag`, `pk_seq`, `create_flag`, `operator_type`, `aggregate_type`, `state`, `operate_state`, `sync_state`, `gmt_create`, `gmt_modified`, `last_release_version`) VALUES (356150995014647814, 356150994981093376, 1, 'failed_attempts', NULL, NULL, '失败次数', 1, NULL, '', 1, 0, 0, 0, 0, 0, 0, NULL, NULL, 1, 0, 1, '2019-07-11 18:56:54', '2019-08-19 18:14:22', NULL);
INSERT INTO `welab_skyeye`.`dbus_table_field`(`id`, `related_id`, `field_type`, `field_name`, `field_alias`, `source_field`, `field_annotation`, `value_type`, `max_length`, `default_value`, `nullable_flag`, `map_flag`, `pk_flag`, `viewable_flag`, `related_flag`, `pk_seq`, `create_flag`, `operator_type`, `aggregate_type`, `state`, `operate_state`, `sync_state`, `gmt_create`, `gmt_modified`, `last_release_version`) VALUES (356150995014647815, 356150994981093376, 1, 'unlock_token', NULL, NULL, '解锁token', 3, NULL, NULL, 1, 0, 0, 0, 0, 0, 0, NULL, NULL, 1, 0, 1, '2019-07-11 18:56:54', '2019-08-19 18:14:22', NULL);
INSERT INTO `welab_skyeye`.`dbus_table_field`(`id`, `related_id`, `field_type`, `field_name`, `field_alias`, `source_field`, `field_annotation`, `value_type`, `max_length`, `default_value`, `nullable_flag`, `map_flag`, `pk_flag`, `viewable_flag`, `related_flag`, `pk_seq`, `create_flag`, `operator_type`, `aggregate_type`, `state`, `operate_state`, `sync_state`, `gmt_create`, `gmt_modified`, `last_release_version`) VALUES (356150995014647816, 356150994981093376, 1, 'locked_at', NULL, NULL, '锁定时间', 4, NULL, '', 1, 0, 0, 0, 0, 0, 0, NULL, NULL, 1, 0, 1, '2019-07-11 18:56:54', '2019-08-19 18:14:22', NULL);
INSERT INTO `welab_skyeye`.`dbus_table_field`(`id`, `related_id`, `field_type`, `field_name`, `field_alias`, `source_field`, `field_annotation`, `value_type`, `max_length`, `default_value`, `nullable_flag`, `map_flag`, `pk_flag`, `viewable_flag`, `related_flag`, `pk_seq`, `create_flag`, `operator_type`, `aggregate_type`, `state`, `operate_state`, `sync_state`, `gmt_create`, `gmt_modified`, `last_release_version`) VALUES (356150995014647817, 356150994981093376, 1, 'created_at', '', NULL, '用户创建时间', 4, NULL, '', 1, 0, 0, 0, 0, 0, 1, NULL, NULL, 1, 0, 1, '2019-07-11 18:56:54', '2019-08-19 18:14:22', NULL);
INSERT INTO `welab_skyeye`.`dbus_table_field`(`id`, `related_id`, `field_type`, `field_name`, `field_alias`, `source_field`, `field_annotation`, `value_type`, `max_length`, `default_value`, `nullable_flag`, `map_flag`, `pk_flag`, `viewable_flag`, `related_flag`, `pk_seq`, `create_flag`, `operator_type`, `aggregate_type`, `state`, `operate_state`, `sync_state`, `gmt_create`, `gmt_modified`, `last_release_version`) VALUES (356150995014647818, 356150994981093376, 1, 'updated_at', '', NULL, '用户更新时间', 4, NULL, '', 1, 0, 0, 0, 0, 0, 0, NULL, NULL, 1, 0, 1, '2019-07-11 18:56:54', '2019-08-19 18:14:22', NULL);
INSERT INTO `welab_skyeye`.`dbus_table_field`(`id`, `related_id`, `field_type`, `field_name`, `field_alias`, `source_field`, `field_annotation`, `value_type`, `max_length`, `default_value`, `nullable_flag`, `map_flag`, `pk_flag`, `viewable_flag`, `related_flag`, `pk_seq`, `create_flag`, `operator_type`, `aggregate_type`, `state`, `operate_state`, `sync_state`, `gmt_create`, `gmt_modified`, `last_release_version`) VALUES (356150995014647819, 356150994981093376, 1, 'authentication_token', NULL, NULL, '认证token', 3, NULL, NULL, 1, 0, 0, 0, 0, 0, 0, NULL, NULL, 1, 0, 1, '2019-07-11 18:56:54', '2019-08-19 18:14:22', NULL);
INSERT INTO `welab_skyeye`.`dbus_table_field`(`id`, `related_id`, `field_type`, `field_name`, `field_alias`, `source_field`, `field_annotation`, `value_type`, `max_length`, `default_value`, `nullable_flag`, `map_flag`, `pk_flag`, `viewable_flag`, `related_flag`, `pk_seq`, `create_flag`, `operator_type`, `aggregate_type`, `state`, `operate_state`, `sync_state`, `gmt_create`, `gmt_modified`, `last_release_version`) VALUES (356150995014647820, 356150994981093376, 1, 'screen_name', NULL, NULL, '昵称', 3, NULL, NULL, 1, 0, 0, 0, 0, 0, 0, NULL, NULL, 1, 0, 1, '2019-07-11 18:56:54', '2019-08-19 18:14:22', NULL);
INSERT INTO `welab_skyeye`.`dbus_table_field`(`id`, `related_id`, `field_type`, `field_name`, `field_alias`, `source_field`, `field_annotation`, `value_type`, `max_length`, `default_value`, `nullable_flag`, `map_flag`, `pk_flag`, `viewable_flag`, `related_flag`, `pk_seq`, `create_flag`, `operator_type`, `aggregate_type`, `state`, `operate_state`, `sync_state`, `gmt_create`, `gmt_modified`, `last_release_version`) VALUES (356150995014647821, 356150994981093376, 1, 'member_id', NULL, NULL, '唯一标识', 3, NULL, NULL, 1, 0, 0, 0, 0, 0, 0, NULL, NULL, 1, 0, 1, '2019-07-11 18:56:54', '2019-08-19 18:14:22', NULL);
INSERT INTO `welab_skyeye`.`dbus_table_field`(`id`, `related_id`, `field_type`, `field_name`, `field_alias`, `source_field`, `field_annotation`, `value_type`, `max_length`, `default_value`, `nullable_flag`, `map_flag`, `pk_flag`, `viewable_flag`, `related_flag`, `pk_seq`, `create_flag`, `operator_type`, `aggregate_type`, `state`, `operate_state`, `sync_state`, `gmt_create`, `gmt_modified`, `last_release_version`) VALUES (356150995014647822, 356150994981093376, 1, 'blocked', NULL, NULL, '是否注销', 9, NULL, '', 1, 1, 0, 0, 0, 0, 0, NULL, NULL, 1, 0, 1, '2019-07-11 19:06:15', '2019-08-19 18:14:22', NULL);
INSERT INTO `welab_skyeye`.`dbus_table_field`(`id`, `related_id`, `field_type`, `field_name`, `field_alias`, `source_field`, `field_annotation`, `value_type`, `max_length`, `default_value`, `nullable_flag`, `map_flag`, `pk_flag`, `viewable_flag`, `related_flag`, `pk_seq`, `create_flag`, `operator_type`, `aggregate_type`, `state`, `operate_state`, `sync_state`, `gmt_create`, `gmt_modified`, `last_release_version`) VALUES (356150995014647823, 356150994981093376, 1, 'to_receive_newsletter', NULL, NULL, '接收通知', 9, NULL, '', 1, 1, 0, 0, 0, 0, 0, NULL, NULL, 1, 0, 1, '2019-07-11 19:06:15', '2019-08-19 18:14:22', NULL);
INSERT INTO `welab_skyeye`.`dbus_table_field`(`id`, `related_id`, `field_type`, `field_name`, `field_alias`, `source_field`, `field_annotation`, `value_type`, `max_length`, `default_value`, `nullable_flag`, `map_flag`, `pk_flag`, `viewable_flag`, `related_flag`, `pk_seq`, `create_flag`, `operator_type`, `aggregate_type`, `state`, `operate_state`, `sync_state`, `gmt_create`, `gmt_modified`, `last_release_version`) VALUES (356150995014647825, 356150994981093376, 1, 'email_confirmed', NULL, NULL, '邮件确认时间', 4, NULL, '', 1, 0, 0, 0, 0, 0, 0, NULL, NULL, 1, 0, 1, '2019-07-11 18:56:54', '2019-08-19 18:14:22', NULL);
INSERT INTO `welab_skyeye`.`dbus_table_field`(`id`, `related_id`, `field_type`, `field_name`, `field_alias`, `source_field`, `field_annotation`, `value_type`, `max_length`, `default_value`, `nullable_flag`, `map_flag`, `pk_flag`, `viewable_flag`, `related_flag`, `pk_seq`, `create_flag`, `operator_type`, `aggregate_type`, `state`, `operate_state`, `sync_state`, `gmt_create`, `gmt_modified`, `last_release_version`) VALUES (356150995014647826, 356150994981093376, 1, 'device_info', NULL, NULL, '设备信息', 3, NULL, NULL, 1, 0, 0, 0, 0, 0, 0, NULL, NULL, 1, 0, 1, '2019-07-11 18:56:54', '2019-08-19 18:14:22', NULL);
INSERT INTO `welab_skyeye`.`dbus_table_field`(`id`, `related_id`, `field_type`, `field_name`, `field_alias`, `source_field`, `field_annotation`, `value_type`, `max_length`, `default_value`, `nullable_flag`, `map_flag`, `pk_flag`, `viewable_flag`, `related_flag`, `pk_seq`, `create_flag`, `operator_type`, `aggregate_type`, `state`, `operate_state`, `sync_state`, `gmt_create`, `gmt_modified`, `last_release_version`) VALUES (356150995014647827, 356150994981093376, 1, 'encrypted_security_code', NULL, NULL, '安全密码', 3, NULL, '', 1, 0, 0, 0, 0, 0, 0, NULL, NULL, 1, 0, 1, '2019-07-11 18:56:54', '2019-08-19 18:14:22', NULL);
INSERT INTO `welab_skyeye`.`dbus_table_field`(`id`, `related_id`, `field_type`, `field_name`, `field_alias`, `source_field`, `field_annotation`, `value_type`, `max_length`, `default_value`, `nullable_flag`, `map_flag`, `pk_flag`, `viewable_flag`, `related_flag`, `pk_seq`, `create_flag`, `operator_type`, `aggregate_type`, `state`, `operate_state`, `sync_state`, `gmt_create`, `gmt_modified`, `last_release_version`) VALUES (356150995014647828, 356150994981093376, 1, 'user_agent', NULL, NULL, 'HTTP代理', 3, NULL, '', 1, 0, 0, 0, 0, 0, 0, NULL, NULL, 1, 0, 1, '2019-07-11 18:56:54', '2019-08-19 18:14:22', NULL);
INSERT INTO `welab_skyeye`.`dbus_table_field`(`id`, `related_id`, `field_type`, `field_name`, `field_alias`, `source_field`, `field_annotation`, `value_type`, `max_length`, `default_value`, `nullable_flag`, `map_flag`, `pk_flag`, `viewable_flag`, `related_flag`, `pk_seq`, `create_flag`, `operator_type`, `aggregate_type`, `state`, `operate_state`, `sync_state`, `gmt_create`, `gmt_modified`, `last_release_version`) VALUES (356150995014647829, 356150994981093376, 1, 'origin', NULL, NULL, '注册渠道', 3, NULL, '', 1, 1, 0, 0, 0, 0, 0, NULL, NULL, 1, 0, 1, '2019-07-11 18:56:54', '2019-08-19 18:14:22', NULL);
INSERT INTO `welab_skyeye`.`dbus_table_field`(`id`, `related_id`, `field_type`, `field_name`, `field_alias`, `source_field`, `field_annotation`, `value_type`, `max_length`, `default_value`, `nullable_flag`, `map_flag`, `pk_flag`, `viewable_flag`, `related_flag`, `pk_seq`, `create_flag`, `operator_type`, `aggregate_type`, `state`, `operate_state`, `sync_state`, `gmt_create`, `gmt_modified`, `last_release_version`) VALUES (356150995014647830, 356150994981093376, 1, 'agent', NULL, NULL, '是否代理', 9, NULL, '', 1, 1, 0, 0, 0, 0, 0, NULL, NULL, 1, 0, 1, '2019-07-11 19:06:15', '2019-08-19 18:14:22', NULL);
INSERT INTO `welab_skyeye`.`dbus_table_field`(`id`, `related_id`, `field_type`, `field_name`, `field_alias`, `source_field`, `field_annotation`, `value_type`, `max_length`, `default_value`, `nullable_flag`, `map_flag`, `pk_flag`, `viewable_flag`, `related_flag`, `pk_seq`, `create_flag`, `operator_type`, `aggregate_type`, `state`, `operate_state`, `sync_state`, `gmt_create`, `gmt_modified`, `last_release_version`) VALUES (356150995014647831, 356150994981093376, 1, 'referee_id', NULL, NULL, '推荐人', 5, NULL, '', 1, 0, 0, 0, 0, 0, 0, NULL, NULL, 1, 0, 1, '2019-07-11 18:56:54', '2019-08-19 18:14:22', NULL);
INSERT INTO `welab_skyeye`.`dbus_table_field`(`id`, `related_id`, `field_type`, `field_name`, `field_alias`, `source_field`, `field_annotation`, `value_type`, `max_length`, `default_value`, `nullable_flag`, `map_flag`, `pk_flag`, `viewable_flag`, `related_flag`, `pk_seq`, `create_flag`, `operator_type`, `aggregate_type`, `state`, `operate_state`, `sync_state`, `gmt_create`, `gmt_modified`, `last_release_version`) VALUES (356150995014647832, 356150994981093376, 1, 'role_type', NULL, NULL, '角色', 1, NULL, '', 1, 1, 0, 0, 0, 0, 0, NULL, NULL, 1, 0, 1, '2019-07-11 18:56:54', '2019-08-19 18:14:22', NULL);
INSERT INTO `welab_skyeye`.`dbus_table_field`(`id`, `related_id`, `field_type`, `field_name`, `field_alias`, `source_field`, `field_annotation`, `value_type`, `max_length`, `default_value`, `nullable_flag`, `map_flag`, `pk_flag`, `viewable_flag`, `related_flag`, `pk_seq`, `create_flag`, `operator_type`, `aggregate_type`, `state`, `operate_state`, `sync_state`, `gmt_create`, `gmt_modified`, `last_release_version`) VALUES (356150995014647833, 356150994981093376, 1, 'product_code', NULL, NULL, '产品编号', 3, NULL, '', 1, 1, 0, 0, 0, 0, 0, NULL, NULL, 1, 0, 1, '2019-07-11 18:56:54', '2019-08-19 18:14:22', NULL);
INSERT INTO `welab_skyeye`.`dbus_table_field`(`id`, `related_id`, `field_type`, `field_name`, `field_alias`, `source_field`, `field_annotation`, `value_type`, `max_length`, `default_value`, `nullable_flag`, `map_flag`, `pk_flag`, `viewable_flag`, `related_flag`, `pk_seq`, `create_flag`, `operator_type`, `aggregate_type`, `state`, `operate_state`, `sync_state`, `gmt_create`, `gmt_modified`, `last_release_version`) VALUES (356150995014647834, 356150994981093376, 1, 'channel_code', NULL, NULL, '通道编号', 3, NULL, '', 1, 1, 0, 0, 0, 0, 0, NULL, NULL, 1, 0, 1, '2019-07-11 18:56:54', '2019-08-19 18:14:22', NULL);
INSERT INTO `welab_skyeye`.`dbus_table_field`(`id`, `related_id`, `field_type`, `field_name`, `field_alias`, `source_field`, `field_annotation`, `value_type`, `max_length`, `default_value`, `nullable_flag`, `map_flag`, `pk_flag`, `viewable_flag`, `related_flag`, `pk_seq`, `create_flag`, `operator_type`, `aggregate_type`, `state`, `operate_state`, `sync_state`, `gmt_create`, `gmt_modified`, `last_release_version`) VALUES (356150995014647835, 356150994981093376, 1, 'invite_at', NULL, NULL, '邀请时间', 4, NULL, '', 1, 0, 0, 0, 0, 0, 0, NULL, NULL, 1, 0, 1, '2019-07-11 18:56:54', '2019-08-19 18:14:22', NULL);
INSERT INTO `welab_skyeye`.`dbus_table_field`(`id`, `related_id`, `field_type`, `field_name`, `field_alias`, `source_field`, `field_annotation`, `value_type`, `max_length`, `default_value`, `nullable_flag`, `map_flag`, `pk_flag`, `viewable_flag`, `related_flag`, `pk_seq`, `create_flag`, `operator_type`, `aggregate_type`, `state`, `operate_state`, `sync_state`, `gmt_create`, `gmt_modified`, `last_release_version`) VALUES (356150995014647836, 356150994981093376, 1, 'sec_failed_attempts', NULL, NULL, '验证码失败次数', 1, NULL, '', 1, 0, 0, 0, 0, 0, 0, NULL, NULL, 1, 0, 1, '2019-07-11 18:56:54', '2019-08-19 18:14:22', NULL);
INSERT INTO `welab_skyeye`.`dbus_table_field`(`id`, `related_id`, `field_type`, `field_name`, `field_alias`, `source_field`, `field_annotation`, `value_type`, `max_length`, `default_value`, `nullable_flag`, `map_flag`, `pk_flag`, `viewable_flag`, `related_flag`, `pk_seq`, `create_flag`, `operator_type`, `aggregate_type`, `state`, `operate_state`, `sync_state`, `gmt_create`, `gmt_modified`, `last_release_version`) VALUES (356150995014647837, 356150994981093376, 1, 'uuid', '', NULL, '业务用户主键', 5, NULL, '', 1, 0, 0, 0, 0, 0, 0, NULL, NULL, 1, 0, 1, '2019-07-11 18:56:54', '2019-08-19 18:14:22', NULL);
INSERT INTO `welab_skyeye`.`dbus_table_field`(`id`, `related_id`, `field_type`, `field_name`, `field_alias`, `source_field`, `field_annotation`, `value_type`, `max_length`, `default_value`, `nullable_flag`, `map_flag`, `pk_flag`, `viewable_flag`, `related_flag`, `pk_seq`, `create_flag`, `operator_type`, `aggregate_type`, `state`, `operate_state`, `sync_state`, `gmt_create`, `gmt_modified`, `last_release_version`) VALUES (356150995014647838, 356150994981093376, 1, 'mobile_encrypt', NULL, NULL, '加密后的手机号', 3, NULL, NULL, 1, 0, 0, 0, 0, 0, 0, NULL, NULL, 1, 0, 1, '2019-07-11 18:56:54', '2019-08-19 18:14:22', NULL);
INSERT INTO `welab_skyeye`.`dbus_table_field`(`id`, `related_id`, `field_type`, `field_name`, `field_alias`, `source_field`, `field_annotation`, `value_type`, `max_length`, `default_value`, `nullable_flag`, `map_flag`, `pk_flag`, `viewable_flag`, `related_flag`, `pk_seq`, `create_flag`, `operator_type`, `aggregate_type`, `state`, `operate_state`, `sync_state`, `gmt_create`, `gmt_modified`, `last_release_version`) VALUES (356150995014647840, 356150994981093376, 1, 'x_uuid', 'x_uuid', 'uuid', '业务用户主键关联', 5, NULL, '', 1, 0, 0, 0, 1, 0, 0, NULL, NULL, 1, 0, 1, '2019-07-11 18:59:21', '2019-08-19 18:14:22', NULL);
INSERT INTO `welab_skyeye`.`dbus_table_field`(`id`, `related_id`, `field_type`, `field_name`, `field_alias`, `source_field`, `field_annotation`, `value_type`, `max_length`, `default_value`, `nullable_flag`, `map_flag`, `pk_flag`, `viewable_flag`, `related_flag`, `pk_seq`, `create_flag`, `operator_type`, `aggregate_type`, `state`, `operate_state`, `sync_state`, `gmt_create`, `gmt_modified`, `last_release_version`) VALUES (356150995014647841, 356150994981093376, 1, 'user_created_at', 'user_created_at', 'created_at', '用户创建时间', 4, NULL, '', 1, 0, 0, 0, 0, 0, 0, NULL, NULL, 1, 0, 1, '2019-07-11 18:59:21', '2019-08-19 18:14:22', NULL);
INSERT INTO `welab_skyeye`.`dbus_table_field`(`id`, `related_id`, `field_type`, `field_name`, `field_alias`, `source_field`, `field_annotation`, `value_type`, `max_length`, `default_value`, `nullable_flag`, `map_flag`, `pk_flag`, `viewable_flag`, `related_flag`, `pk_seq`, `create_flag`, `operator_type`, `aggregate_type`, `state`, `operate_state`, `sync_state`, `gmt_create`, `gmt_modified`, `last_release_version`) VALUES (356150995014647842, 356150994981093376, 1, 'user_updated_at', 'user_updated_at', 'updated_at', '用户更新时间', 4, NULL, '', 1, 0, 0, 0, 0, 0, 0, NULL, NULL, 1, 0, 1, '2019-07-11 18:59:21', '2019-08-19 18:14:22', NULL);
INSERT INTO `welab_skyeye`.`dbus_table_field`(`id`, `related_id`, `field_type`, `field_name`, `field_alias`, `source_field`, `field_annotation`, `value_type`, `max_length`, `default_value`, `nullable_flag`, `map_flag`, `pk_flag`, `viewable_flag`, `related_flag`, `pk_seq`, `create_flag`, `operator_type`, `aggregate_type`, `state`, `operate_state`, `sync_state`, `gmt_create`, `gmt_modified`, `last_release_version`) VALUES (356150995014647843, 356150994981093376, 1, 'x_origin', 'x_origin', 'origin', '注册渠道关联', 5, NULL, '', 1, 1, 0, 0, 1, 0, 0, NULL, NULL, 1, 0, 1, '2019-07-11 18:59:49', '2019-08-19 18:14:22', NULL);
INSERT INTO `welab_skyeye`.`dbus_table_field`(`id`, `related_id`, `field_type`, `field_name`, `field_alias`, `source_field`, `field_annotation`, `value_type`, `max_length`, `default_value`, `nullable_flag`, `map_flag`, `pk_flag`, `viewable_flag`, `related_flag`, `pk_seq`, `create_flag`, `operator_type`, `aggregate_type`, `state`, `operate_state`, `sync_state`, `gmt_create`, `gmt_modified`, `last_release_version`) VALUES (356150995014647844, 356150994981093376, 1, 'x_product_code', 'x_product_code', 'product_code', '产品编号关联', 5, NULL, '', 1, 1, 0, 0, 1, 0, 0, NULL, NULL, 1, 0, 1, '2019-07-11 18:59:49', '2019-08-19 18:14:22', NULL);
INSERT INTO `welab_skyeye`.`dbus_table_field`(`id`, `related_id`, `field_type`, `field_name`, `field_alias`, `source_field`, `field_annotation`, `value_type`, `max_length`, `default_value`, `nullable_flag`, `map_flag`, `pk_flag`, `viewable_flag`, `related_flag`, `pk_seq`, `create_flag`, `operator_type`, `aggregate_type`, `state`, `operate_state`, `sync_state`, `gmt_create`, `gmt_modified`, `last_release_version`) VALUES (356150995014647854, 356150994981093376, 1, 'email', NULL, NULL, '邮件地址', 3, NULL, NULL, 1, 0, 0, 0, 0, 0, 0, NULL, NULL, 1, 0, 1, '2019-07-11 18:56:54', '2019-08-19 18:14:22', NULL);
INSERT INTO `welab_skyeye`.`dbus_table_field`(`id`, `related_id`, `field_type`, `field_name`, `field_alias`, `source_field`, `field_annotation`, `value_type`, `max_length`, `default_value`, `nullable_flag`, `map_flag`, `pk_flag`, `viewable_flag`, `related_flag`, `pk_seq`, `create_flag`, `operator_type`, `aggregate_type`, `state`, `operate_state`, `sync_state`, `gmt_create`, `gmt_modified`, `last_release_version`) VALUES (356150995014647860, 356150994981093376, 1, 'email_encrypt', NULL, NULL, '加密后的邮件地址', 3, NULL, NULL, 1, 0, 0, 0, 0, 0, 0, NULL, NULL, 1, 0, 1, '2019-07-11 18:56:54', '2019-08-19 18:14:22', NULL);
INSERT INTO `welab_skyeye`.`dbus_table_field`(`id`, `related_id`, `field_type`, `field_name`, `field_alias`, `source_field`, `field_annotation`, `value_type`, `max_length`, `default_value`, `nullable_flag`, `map_flag`, `pk_flag`, `viewable_flag`, `related_flag`, `pk_seq`, `create_flag`, `operator_type`, `aggregate_type`, `state`, `operate_state`, `sync_state`, `gmt_create`, `gmt_modified`, `last_release_version`) VALUES (356151612906930176, 356150994981093376, 1, 'x_user_id', 'x_user_id', 'id', '用户ID关联', 5, NULL, '', 1, 0, 1, 0, 1, 0, 0, NULL, NULL, 1, 0, 1, '2019-07-11 18:59:21', '2019-08-19 18:14:22', NULL);
INSERT INTO `welab_skyeye`.`dbus_table_field`(`id`, `related_id`, `field_type`, `field_name`, `field_alias`, `source_field`, `field_annotation`, `value_type`, `max_length`, `default_value`, `nullable_flag`, `map_flag`, `pk_flag`, `viewable_flag`, `related_flag`, `pk_seq`, `create_flag`, `operator_type`, `aggregate_type`, `state`, `operate_state`, `sync_state`, `gmt_create`, `gmt_modified`, `last_release_version`) VALUES (370271915777982464, 356150994981093376, 1, 'x_reset_password_sent_at', NULL, 'reset_password_sent_at', '重置密码时间_分析', 5, NULL, '', 1, 0, 0, 0, 0, 0, 0, NULL, NULL, 1, 0, 1, '2019-08-19 18:08:24', '2019-08-19 18:14:22', NULL);
INSERT INTO `welab_skyeye`.`dbus_table_field`(`id`, `related_id`, `field_type`, `field_name`, `field_alias`, `source_field`, `field_annotation`, `value_type`, `max_length`, `default_value`, `nullable_flag`, `map_flag`, `pk_flag`, `viewable_flag`, `related_flag`, `pk_seq`, `create_flag`, `operator_type`, `aggregate_type`, `state`, `operate_state`, `sync_state`, `gmt_create`, `gmt_modified`, `last_release_version`) VALUES (370271915777982465, 356150994981093376, 1, 'x_current_sign_in_at', NULL, 'current_sign_in_at', '当前登录时间_分析', 5, NULL, '', 1, 0, 0, 0, 0, 0, 0, NULL, NULL, 1, 0, 1, '2019-08-19 18:08:24', '2019-08-19 18:14:22', NULL);
INSERT INTO `welab_skyeye`.`dbus_table_field`(`id`, `related_id`, `field_type`, `field_name`, `field_alias`, `source_field`, `field_annotation`, `value_type`, `max_length`, `default_value`, `nullable_flag`, `map_flag`, `pk_flag`, `viewable_flag`, `related_flag`, `pk_seq`, `create_flag`, `operator_type`, `aggregate_type`, `state`, `operate_state`, `sync_state`, `gmt_create`, `gmt_modified`, `last_release_version`) VALUES (370271915777982466, 356150994981093376, 1, 'x_last_sign_in_at', NULL, 'last_sign_in_at', '上次登录时间_分析', 5, NULL, '', 1, 0, 0, 0, 0, 0, 0, NULL, NULL, 1, 0, 1, '2019-08-19 18:08:24', '2019-08-19 18:14:22', NULL);
INSERT INTO `welab_skyeye`.`dbus_table_field`(`id`, `related_id`, `field_type`, `field_name`, `field_alias`, `source_field`, `field_annotation`, `value_type`, `max_length`, `default_value`, `nullable_flag`, `map_flag`, `pk_flag`, `viewable_flag`, `related_flag`, `pk_seq`, `create_flag`, `operator_type`, `aggregate_type`, `state`, `operate_state`, `sync_state`, `gmt_create`, `gmt_modified`, `last_release_version`) VALUES (370271915777982467, 356150994981093376, 1, 'x_confirmed_at', NULL, 'confirmed_at', '真正登录时间_分析', 5, NULL, '', 1, 0, 0, 0, 0, 0, 0, NULL, NULL, 1, 0, 1, '2019-08-19 18:08:24', '2019-08-19 18:14:22', NULL);
INSERT INTO `welab_skyeye`.`dbus_table_field`(`id`, `related_id`, `field_type`, `field_name`, `field_alias`, `source_field`, `field_annotation`, `value_type`, `max_length`, `default_value`, `nullable_flag`, `map_flag`, `pk_flag`, `viewable_flag`, `related_flag`, `pk_seq`, `create_flag`, `operator_type`, `aggregate_type`, `state`, `operate_state`, `sync_state`, `gmt_create`, `gmt_modified`, `last_release_version`) VALUES (370271915777982468, 356150994981093376, 1, 'x_locked_at', NULL, 'locked_at', '锁定时间_分析', 5, NULL, '', 1, 0, 0, 0, 0, 0, 0, NULL, NULL, 1, 0, 1, '2019-08-19 18:08:24', '2019-08-19 18:14:22', NULL);
INSERT INTO `welab_skyeye`.`dbus_table_field`(`id`, `related_id`, `field_type`, `field_name`, `field_alias`, `source_field`, `field_annotation`, `value_type`, `max_length`, `default_value`, `nullable_flag`, `map_flag`, `pk_flag`, `viewable_flag`, `related_flag`, `pk_seq`, `create_flag`, `operator_type`, `aggregate_type`, `state`, `operate_state`, `sync_state`, `gmt_create`, `gmt_modified`, `last_release_version`) VALUES (370271915777982469, 356150994981093376, 1, 'x_created_at', NULL, 'created_at', '用户创建时间_分析', 5, NULL, '', 1, 0, 0, 0, 0, 0, 0, NULL, NULL, 1, 0, 1, '2019-08-19 18:08:24', '2019-08-19 18:14:22', NULL);
INSERT INTO `welab_skyeye`.`dbus_table_field`(`id`, `related_id`, `field_type`, `field_name`, `field_alias`, `source_field`, `field_annotation`, `value_type`, `max_length`, `default_value`, `nullable_flag`, `map_flag`, `pk_flag`, `viewable_flag`, `related_flag`, `pk_seq`, `create_flag`, `operator_type`, `aggregate_type`, `state`, `operate_state`, `sync_state`, `gmt_create`, `gmt_modified`, `last_release_version`) VALUES (370271915777982470, 356150994981093376, 1, 'x_updated_at', NULL, 'updated_at', '用户更新时间_分析', 5, NULL, '', 1, 0, 0, 0, 0, 0, 0, NULL, NULL, 1, 0, 1, '2019-08-19 18:08:24', '2019-08-19 18:14:22', NULL);
INSERT INTO `welab_skyeye`.`dbus_table_field`(`id`, `related_id`, `field_type`, `field_name`, `field_alias`, `source_field`, `field_annotation`, `value_type`, `max_length`, `default_value`, `nullable_flag`, `map_flag`, `pk_flag`, `viewable_flag`, `related_flag`, `pk_seq`, `create_flag`, `operator_type`, `aggregate_type`, `state`, `operate_state`, `sync_state`, `gmt_create`, `gmt_modified`, `last_release_version`) VALUES (370271915777982471, 356150994981093376, 1, 'x_email_confirmed', NULL, 'email_confirmed', '邮件确认时间_分析', 5, NULL, '', 1, 0, 0, 0, 0, 0, 0, NULL, NULL, 1, 0, 1, '2019-08-19 18:08:24', '2019-08-19 18:14:22', NULL);
INSERT INTO `welab_skyeye`.`dbus_table_field`(`id`, `related_id`, `field_type`, `field_name`, `field_alias`, `source_field`, `field_annotation`, `value_type`, `max_length`, `default_value`, `nullable_flag`, `map_flag`, `pk_flag`, `viewable_flag`, `related_flag`, `pk_seq`, `create_flag`, `operator_type`, `aggregate_type`, `state`, `operate_state`, `sync_state`, `gmt_create`, `gmt_modified`, `last_release_version`) VALUES (370271915777982472, 356150994981093376, 1, 'x_invite_at', NULL, 'invite_at', '邀请时间_分析', 5, NULL, '', 1, 0, 0, 0, 0, 0, 0, NULL, NULL, 1, 0, 1, '2019-08-19 18:08:24', '2019-08-19 18:14:22', NULL);
INSERT INTO `welab_skyeye`.`dbus_table_field`(`id`, `related_id`, `field_type`, `field_name`, `field_alias`, `source_field`, `field_annotation`, `value_type`, `max_length`, `default_value`, `nullable_flag`, `map_flag`, `pk_flag`, `viewable_flag`, `related_flag`, `pk_seq`, `create_flag`, `operator_type`, `aggregate_type`, `state`, `operate_state`, `sync_state`, `gmt_create`, `gmt_modified`, `last_release_version`) VALUES (370271915777982473, 356150994981093376, 1, 'x_user_created_at', NULL, 'user_created_at', '用户创建时间_分析', 5, NULL, '', 1, 0, 0, 0, 0, 0, 0, NULL, NULL, 1, 0, 1, '2019-08-19 18:08:24', '2019-08-19 18:14:22', NULL);
INSERT INTO `welab_skyeye`.`dbus_table_field`(`id`, `related_id`, `field_type`, `field_name`, `field_alias`, `source_field`, `field_annotation`, `value_type`, `max_length`, `default_value`, `nullable_flag`, `map_flag`, `pk_flag`, `viewable_flag`, `related_flag`, `pk_seq`, `create_flag`, `operator_type`, `aggregate_type`, `state`, `operate_state`, `sync_state`, `gmt_create`, `gmt_modified`, `last_release_version`) VALUES (370271915777982474, 356150994981093376, 1, 'x_user_updated_at', NULL, 'user_updated_at', '用户更新时间_分析', 5, NULL, '', 1, 0, 0, 0, 0, 0, 0, NULL, NULL, 1, 0, 1, '2019-08-19 18:08:24', '2019-08-19 18:14:22', NULL);
INSERT INTO `welab_skyeye`.`dbus_table_field`(`id`, `related_id`, `field_type`, `field_name`, `field_alias`, `source_field`, `field_annotation`, `value_type`, `max_length`, `default_value`, `nullable_flag`, `map_flag`, `pk_flag`, `viewable_flag`, `related_flag`, `pk_seq`, `create_flag`, `operator_type`, `aggregate_type`, `state`, `operate_state`, `sync_state`, `gmt_create`, `gmt_modified`, `last_release_version`) VALUES (356150995014647824, 356150994981093377, 1, 'user_email', '', NULL, '邮箱', 3, NULL, NULL, 1, 0, 0, 0, 0, 0, 0, NULL, NULL, 1, 0, 1, '2019-07-11 18:59:21', '2019-08-19 18:14:22', NULL);
INSERT INTO `welab_skyeye`.`dbus_table_field`(`id`, `related_id`, `field_type`, `field_name`, `field_alias`, `source_field`, `field_annotation`, `value_type`, `max_length`, `default_value`, `nullable_flag`, `map_flag`, `pk_flag`, `viewable_flag`, `related_flag`, `pk_seq`, `create_flag`, `operator_type`, `aggregate_type`, `state`, `operate_state`, `sync_state`, `gmt_create`, `gmt_modified`, `last_release_version`) VALUES (356150995014647839, 356150994981093377, 1, 'user_email_encrypt', 'user_email_encrypt', NULL, '加密后的邮件地址', 3, NULL, NULL, 1, 0, 0, 0, 0, 0, 0, NULL, NULL, 1, 0, 1, '2019-07-11 18:56:54', '2019-08-19 18:14:22', NULL);
INSERT INTO `welab_skyeye`.`dbus_table_field`(`id`, `related_id`, `field_type`, `field_name`, `field_alias`, `source_field`, `field_annotation`, `value_type`, `max_length`, `default_value`, `nullable_flag`, `map_flag`, `pk_flag`, `viewable_flag`, `related_flag`, `pk_seq`, `create_flag`, `operator_type`, `aggregate_type`, `state`, `operate_state`, `sync_state`, `gmt_create`, `gmt_modified`, `last_release_version`) VALUES (356150995014647845, 356150994981093377, 1, 'name', '', NULL, '姓名', 3, NULL, NULL, 1, 0, 0, 0, 0, 0, 0, NULL, NULL, 1, 0, 1, '2019-07-11 18:56:54', '2019-08-19 18:14:22', NULL);
INSERT INTO `welab_skyeye`.`dbus_table_field`(`id`, `related_id`, `field_type`, `field_name`, `field_alias`, `source_field`, `field_annotation`, `value_type`, `max_length`, `default_value`, `nullable_flag`, `map_flag`, `pk_flag`, `viewable_flag`, `related_flag`, `pk_seq`, `create_flag`, `operator_type`, `aggregate_type`, `state`, `operate_state`, `sync_state`, `gmt_create`, `gmt_modified`, `last_release_version`) VALUES (356150995014647846, 356150994981093377, 1, 'gender', NULL, NULL, '性别', 3, NULL, '', 1, 1, 0, 0, 0, 0, 0, NULL, NULL, 1, 0, 1, '2019-07-11 18:56:54', '2019-08-19 18:14:22', NULL);
INSERT INTO `welab_skyeye`.`dbus_table_field`(`id`, `related_id`, `field_type`, `field_name`, `field_alias`, `source_field`, `field_annotation`, `value_type`, `max_length`, `default_value`, `nullable_flag`, `map_flag`, `pk_flag`, `viewable_flag`, `related_flag`, `pk_seq`, `create_flag`, `operator_type`, `aggregate_type`, `state`, `operate_state`, `sync_state`, `gmt_create`, `gmt_modified`, `last_release_version`) VALUES (356150995014647847, 356150994981093377, 1, 'borrower_id', NULL, NULL, '业务主键关联ID', 5, NULL, '', 1, 0, 0, 0, 0, 0, 0, NULL, NULL, 1, 0, 1, '2019-07-11 18:56:54', '2019-08-19 18:14:22', NULL);
INSERT INTO `welab_skyeye`.`dbus_table_field`(`id`, `related_id`, `field_type`, `field_name`, `field_alias`, `source_field`, `field_annotation`, `value_type`, `max_length`, `default_value`, `nullable_flag`, `map_flag`, `pk_flag`, `viewable_flag`, `related_flag`, `pk_seq`, `create_flag`, `operator_type`, `aggregate_type`, `state`, `operate_state`, `sync_state`, `gmt_create`, `gmt_modified`, `last_release_version`) VALUES (356150995014647848, 356150994981093377, 1, 'cnid', NULL, NULL, '身份证号', 3, NULL, NULL, 1, 0, 0, 0, 0, 0, 0, NULL, NULL, 1, 0, 1, '2019-07-11 18:56:54', '2019-08-19 18:14:22', NULL);
INSERT INTO `welab_skyeye`.`dbus_table_field`(`id`, `related_id`, `field_type`, `field_name`, `field_alias`, `source_field`, `field_annotation`, `value_type`, `max_length`, `default_value`, `nullable_flag`, `map_flag`, `pk_flag`, `viewable_flag`, `related_flag`, `pk_seq`, `create_flag`, `operator_type`, `aggregate_type`, `state`, `operate_state`, `sync_state`, `gmt_create`, `gmt_modified`, `last_release_version`) VALUES (356150995014647849, 356150994981093377, 1, 'profile_created_at', NULL, NULL, '资料创建时间', 4, NULL, '', 1, 0, 0, 0, 0, 0, 0, NULL, NULL, 1, 0, 1, '2019-07-11 18:56:54', '2019-08-19 18:14:22', NULL);
INSERT INTO `welab_skyeye`.`dbus_table_field`(`id`, `related_id`, `field_type`, `field_name`, `field_alias`, `source_field`, `field_annotation`, `value_type`, `max_length`, `default_value`, `nullable_flag`, `map_flag`, `pk_flag`, `viewable_flag`, `related_flag`, `pk_seq`, `create_flag`, `operator_type`, `aggregate_type`, `state`, `operate_state`, `sync_state`, `gmt_create`, `gmt_modified`, `last_release_version`) VALUES (356150995014647850, 356150994981093377, 1, 'profile_updated_at', NULL, NULL, '资料修改时间', 4, NULL, '', 1, 0, 0, 0, 0, 0, 0, NULL, NULL, 1, 0, 1, '2019-07-11 18:56:54', '2019-08-19 18:14:22', NULL);
INSERT INTO `welab_skyeye`.`dbus_table_field`(`id`, `related_id`, `field_type`, `field_name`, `field_alias`, `source_field`, `field_annotation`, `value_type`, `max_length`, `default_value`, `nullable_flag`, `map_flag`, `pk_flag`, `viewable_flag`, `related_flag`, `pk_seq`, `create_flag`, `operator_type`, `aggregate_type`, `state`, `operate_state`, `sync_state`, `gmt_create`, `gmt_modified`, `last_release_version`) VALUES (356150995014647851, 356150994981093377, 1, 'verified', NULL, NULL, '是否实名', 9, NULL, '', 1, 1, 0, 0, 0, 0, 0, NULL, NULL, 1, 0, 1, '2019-07-11 19:06:15', '2019-08-19 18:14:22', NULL);
INSERT INTO `welab_skyeye`.`dbus_table_field`(`id`, `related_id`, `field_type`, `field_name`, `field_alias`, `source_field`, `field_annotation`, `value_type`, `max_length`, `default_value`, `nullable_flag`, `map_flag`, `pk_flag`, `viewable_flag`, `related_flag`, `pk_seq`, `create_flag`, `operator_type`, `aggregate_type`, `state`, `operate_state`, `sync_state`, `gmt_create`, `gmt_modified`, `last_release_version`) VALUES (356150995014647852, 356150994981093377, 1, 'education_level_id', NULL, NULL, '学历', 1, NULL, '', 1, 1, 0, 0, 0, 0, 0, NULL, NULL, 1, 0, 1, '2019-07-11 18:56:54', '2019-08-19 18:14:22', NULL);
INSERT INTO `welab_skyeye`.`dbus_table_field`(`id`, `related_id`, `field_type`, `field_name`, `field_alias`, `source_field`, `field_annotation`, `value_type`, `max_length`, `default_value`, `nullable_flag`, `map_flag`, `pk_flag`, `viewable_flag`, `related_flag`, `pk_seq`, `create_flag`, `operator_type`, `aggregate_type`, `state`, `operate_state`, `sync_state`, `gmt_create`, `gmt_modified`, `last_release_version`) VALUES (356150995014647853, 356150994981093377, 1, 'enter_school_date', NULL, NULL, '毕业时间', 4, NULL, '', 1, 0, 0, 0, 0, 0, 0, NULL, NULL, 1, 0, 1, '2019-07-11 18:56:54', '2019-08-19 18:14:22', NULL);
INSERT INTO `welab_skyeye`.`dbus_table_field`(`id`, `related_id`, `field_type`, `field_name`, `field_alias`, `source_field`, `field_annotation`, `value_type`, `max_length`, `default_value`, `nullable_flag`, `map_flag`, `pk_flag`, `viewable_flag`, `related_flag`, `pk_seq`, `create_flag`, `operator_type`, `aggregate_type`, `state`, `operate_state`, `sync_state`, `gmt_create`, `gmt_modified`, `last_release_version`) VALUES (356150995014647855, 356150994981093377, 1, 'position_id', NULL, NULL, '职业身份', 1, NULL, '', 1, 1, 0, 0, 0, 0, 0, NULL, NULL, 1, 0, 1, '2019-07-11 18:56:54', '2019-08-19 18:14:22', NULL);
INSERT INTO `welab_skyeye`.`dbus_table_field`(`id`, `related_id`, `field_type`, `field_name`, `field_alias`, `source_field`, `field_annotation`, `value_type`, `max_length`, `default_value`, `nullable_flag`, `map_flag`, `pk_flag`, `viewable_flag`, `related_flag`, `pk_seq`, `create_flag`, `operator_type`, `aggregate_type`, `state`, `operate_state`, `sync_state`, `gmt_create`, `gmt_modified`, `last_release_version`) VALUES (356150995014647856, 356150994981093377, 1, 'marriage', NULL, NULL, '婚姻状况', 1, NULL, '', 1, 1, 0, 0, 0, 0, 0, NULL, NULL, 1, 0, 1, '2019-07-11 18:56:54', '2019-08-19 18:14:22', NULL);
INSERT INTO `welab_skyeye`.`dbus_table_field`(`id`, `related_id`, `field_type`, `field_name`, `field_alias`, `source_field`, `field_annotation`, `value_type`, `max_length`, `default_value`, `nullable_flag`, `map_flag`, `pk_flag`, `viewable_flag`, `related_flag`, `pk_seq`, `create_flag`, `operator_type`, `aggregate_type`, `state`, `operate_state`, `sync_state`, `gmt_create`, `gmt_modified`, `last_release_version`) VALUES (356150995014647857, 356150994981093377, 1, 'qq', NULL, NULL, 'QQ号码', 3, NULL, NULL, 1, 0, 0, 0, 0, 0, 0, NULL, NULL, 1, 0, 1, '2019-07-11 18:56:54', '2019-08-19 18:14:22', NULL);
INSERT INTO `welab_skyeye`.`dbus_table_field`(`id`, `related_id`, `field_type`, `field_name`, `field_alias`, `source_field`, `field_annotation`, `value_type`, `max_length`, `default_value`, `nullable_flag`, `map_flag`, `pk_flag`, `viewable_flag`, `related_flag`, `pk_seq`, `create_flag`, `operator_type`, `aggregate_type`, `state`, `operate_state`, `sync_state`, `gmt_create`, `gmt_modified`, `last_release_version`) VALUES (356150995014647858, 356150994981093377, 1, 'cnid_encrypt', NULL, NULL, '加密后的身份证号', 3, NULL, NULL, 1, 0, 0, 0, 0, 0, 0, NULL, NULL, 1, 0, 1, '2019-07-11 18:56:54', '2019-08-19 18:14:22', NULL);
INSERT INTO `welab_skyeye`.`dbus_table_field`(`id`, `related_id`, `field_type`, `field_name`, `field_alias`, `source_field`, `field_annotation`, `value_type`, `max_length`, `default_value`, `nullable_flag`, `map_flag`, `pk_flag`, `viewable_flag`, `related_flag`, `pk_seq`, `create_flag`, `operator_type`, `aggregate_type`, `state`, `operate_state`, `sync_state`, `gmt_create`, `gmt_modified`, `last_release_version`) VALUES (356150995014647859, 356150994981093377, 1, 'name_encrypt', NULL, NULL, '加密后的姓名', 3, NULL, NULL, 1, 0, 0, 0, 0, 0, 0, NULL, NULL, 1, 0, 1, '2019-07-11 18:56:54', '2019-08-19 18:14:22', NULL);
INSERT INTO `welab_skyeye`.`dbus_table_field`(`id`, `related_id`, `field_type`, `field_name`, `field_alias`, `source_field`, `field_annotation`, `value_type`, `max_length`, `default_value`, `nullable_flag`, `map_flag`, `pk_flag`, `viewable_flag`, `related_flag`, `pk_seq`, `create_flag`, `operator_type`, `aggregate_type`, `state`, `operate_state`, `sync_state`, `gmt_create`, `gmt_modified`, `last_release_version`) VALUES (356150995014647861, 356150994981093377, 1, 'qq_encrypt', NULL, NULL, '加密后的QQ', 3, NULL, NULL, 1, 0, 0, 0, 0, 0, 0, NULL, NULL, 1, 0, 1, '2019-07-11 18:56:54', '2019-08-19 18:14:22', NULL);
INSERT INTO `welab_skyeye`.`dbus_table_field`(`id`, `related_id`, `field_type`, `field_name`, `field_alias`, `source_field`, `field_annotation`, `value_type`, `max_length`, `default_value`, `nullable_flag`, `map_flag`, `pk_flag`, `viewable_flag`, `related_flag`, `pk_seq`, `create_flag`, `operator_type`, `aggregate_type`, `state`, `operate_state`, `sync_state`, `gmt_create`, `gmt_modified`, `last_release_version`) VALUES (356150995014647862, 356150994981093377, 1, 'birth_year', '', NULL, '出生年', 1, NULL, '', 1, 0, 0, 0, 0, 0, 0, NULL, NULL, 1, 0, 1, '2019-07-11 18:56:54', '2019-08-19 18:14:22', NULL);
INSERT INTO `welab_skyeye`.`dbus_table_field`(`id`, `related_id`, `field_type`, `field_name`, `field_alias`, `source_field`, `field_annotation`, `value_type`, `max_length`, `default_value`, `nullable_flag`, `map_flag`, `pk_flag`, `viewable_flag`, `related_flag`, `pk_seq`, `create_flag`, `operator_type`, `aggregate_type`, `state`, `operate_state`, `sync_state`, `gmt_create`, `gmt_modified`, `last_release_version`) VALUES (356150995014647863, 356150994981093377, 1, 'birth_month', '', NULL, '出生月', 1, NULL, '', 1, 0, 0, 0, 0, 0, 0, NULL, NULL, 1, 0, 1, '2019-07-11 18:56:54', '2019-08-19 18:14:22', NULL);
INSERT INTO `welab_skyeye`.`dbus_table_field`(`id`, `related_id`, `field_type`, `field_name`, `field_alias`, `source_field`, `field_annotation`, `value_type`, `max_length`, `default_value`, `nullable_flag`, `map_flag`, `pk_flag`, `viewable_flag`, `related_flag`, `pk_seq`, `create_flag`, `operator_type`, `aggregate_type`, `state`, `operate_state`, `sync_state`, `gmt_create`, `gmt_modified`, `last_release_version`) VALUES (356150995014647864, 356150994981093377, 1, 'birth_date', '', NULL, '出生日', 1, NULL, '', 1, 0, 0, 0, 0, 0, 0, NULL, NULL, 1, 0, 1, '2019-07-11 18:56:54', '2019-08-19 18:14:22', NULL);
INSERT INTO `welab_skyeye`.`dbus_table_field`(`id`, `related_id`, `field_type`, `field_name`, `field_alias`, `source_field`, `field_annotation`, `value_type`, `max_length`, `default_value`, `nullable_flag`, `map_flag`, `pk_flag`, `viewable_flag`, `related_flag`, `pk_seq`, `create_flag`, `operator_type`, `aggregate_type`, `state`, `operate_state`, `sync_state`, `gmt_create`, `gmt_modified`, `last_release_version`) VALUES (356150995014647865, 356150994981093377, 1, 'user_name', 'user_name', NULL, '姓名', 3, NULL, '', 1, 0, 0, 0, 0, 0, 0, NULL, NULL, 1, 0, 1, '2019-07-11 18:56:54', '2019-08-19 18:14:22', NULL);
INSERT INTO `welab_skyeye`.`dbus_table_field`(`id`, `related_id`, `field_type`, `field_name`, `field_alias`, `source_field`, `field_annotation`, `value_type`, `max_length`, `default_value`, `nullable_flag`, `map_flag`, `pk_flag`, `viewable_flag`, `related_flag`, `pk_seq`, `create_flag`, `operator_type`, `aggregate_type`, `state`, `operate_state`, `sync_state`, `gmt_create`, `gmt_modified`, `last_release_version`) VALUES (370271915777982475, 356150994981093377, 1, 'x_profile_created_at', NULL, 'profile_created_at', '资料创建时间_分析', 5, NULL, '', 1, 0, 0, 0, 0, 0, 0, NULL, NULL, 1, 0, 1, '2019-08-19 18:08:24', '2019-08-19 18:14:22', NULL);
INSERT INTO `welab_skyeye`.`dbus_table_field`(`id`, `related_id`, `field_type`, `field_name`, `field_alias`, `source_field`, `field_annotation`, `value_type`, `max_length`, `default_value`, `nullable_flag`, `map_flag`, `pk_flag`, `viewable_flag`, `related_flag`, `pk_seq`, `create_flag`, `operator_type`, `aggregate_type`, `state`, `operate_state`, `sync_state`, `gmt_create`, `gmt_modified`, `last_release_version`) VALUES (370271915777982476, 356150994981093377, 1, 'x_profile_updated_at', NULL, 'profile_updated_at', '资料修改时间_分析', 5, NULL, '', 1, 0, 0, 0, 0, 0, 0, NULL, NULL, 1, 0, 1, '2019-08-19 18:08:24', '2019-08-19 18:14:22', NULL);
INSERT INTO `welab_skyeye`.`dbus_table_field`(`id`, `related_id`, `field_type`, `field_name`, `field_alias`, `source_field`, `field_annotation`, `value_type`, `max_length`, `default_value`, `nullable_flag`, `map_flag`, `pk_flag`, `viewable_flag`, `related_flag`, `pk_seq`, `create_flag`, `operator_type`, `aggregate_type`, `state`, `operate_state`, `sync_state`, `gmt_create`, `gmt_modified`, `last_release_version`) VALUES (370271915777982477, 356150994981093377, 1, 'x_enter_school_date', NULL, 'enter_school_date', '毕业时间_分析', 5, NULL, '', 1, 0, 0, 0, 0, 0, 0, NULL, NULL, 1, 0, 1, '2019-08-19 18:08:24', '2019-08-19 18:14:22', NULL);


INSERT INTO `welab_skyeye`.`tag_owner`(`id`, `database_name`, `table_name`, `topic`, `type`, `cname`, `description`, `is_visible`, `is_real`, `real_id`, `data`, `is_active`, `topic_type`, `is_event`, `is_enabled`, `gmt_create`, `gmt_modified`) VALUES (115, 'kudu_analysis', 'welab_events', 'dbus.kudu_analysis.welab_events.web.v18', 1, '用户行为', '事件属性', 1, 1, NULL, NULL, 1, 2, 1, 1, '2019-11-22 16:25:38', '2019-12-24 19:42:56');
INSERT INTO `welab_skyeye`.`tag_owner`(`id`, `database_name`, `table_name`, `topic`, `type`, `cname`, `description`, `is_visible`, `is_real`, `real_id`, `data`, `is_active`, `topic_type`, `is_event`, `is_enabled`, `gmt_create`, `gmt_modified`) VALUES (61, 'kudu_analysis', 'welab_users', 'dbus.rocket2.profiles.incr', 2, '用户属性', '用户属性', 1, 1, NULL, NULL, 0, 2, 0, 1, '2019-08-19 18:14:21', '2019-11-22 15:47:46');

INSERT INTO `welab_skyeye`.`tag_owner_relationship`(`id`, `tag_owner_id1`, `tag_id1`, `tag_id1_type`, `tag_owner_id2`, `tag_id2`, `tag_id2_type`, `is_enabled`, `gmt_create`, `gmt_modified`) VALUES (1067, 115, 4625, 1, 61, 2521, 1, 1, '2019-11-22 16:25:38', '2019-11-22 16:25:38');

INSERT INTO `welab_skyeye`.`tag`(`id`, `short_name`, `name`, `owner_id`, `is_id_mapped`, `is_visible`, `is_encrypted`, `is_related`, `data_type`, `source_data_type`, `aggregator`, `operator`, `description`, `seq_num`, `gmt_create`, `gmt_modified`) VALUES (4704, 'ad', 'address', 115, 0, 1, 0, 0, 3, 3, 'COUNT', 'EQUAL,NOT_EQUAL,CONTAIN,NOT_CONTAIN,NULL,NOT_NULL,EMPTY,NOT_EMPTY,LIKE,NOT_LIKE,REGEX', '地址', 1, '2019-11-22 16:25:38', '2019-11-22 16:25:38');
INSERT INTO `welab_skyeye`.`tag`(`id`, `short_name`, `name`, `owner_id`, `is_id_mapped`, `is_visible`, `is_encrypted`, `is_related`, `data_type`, `source_data_type`, `aggregator`, `operator`, `description`, `seq_num`, `gmt_create`, `gmt_modified`) VALUES (4708, 'amt', 'amount', 115, 0, 1, 0, 0, 3, 3, 'COUNT', 'EQUAL,NOT_EQUAL,CONTAIN,NOT_CONTAIN,NULL,NOT_NULL,EMPTY,NOT_EMPTY,LIKE,NOT_LIKE,REGEX', '金额', 1, '2019-11-22 16:25:38', '2019-11-22 16:25:38');
INSERT INTO `welab_skyeye`.`tag`(`id`, `short_name`, `name`, `owner_id`, `is_id_mapped`, `is_visible`, `is_encrypted`, `is_related`, `data_type`, `source_data_type`, `aggregator`, `operator`, `description`, `seq_num`, `gmt_create`, `gmt_modified`) VALUES (4723, 'ac', 'api_content', 115, 0, 1, 0, 0, 3, 3, 'COUNT', 'EQUAL,NOT_EQUAL,CONTAIN,NOT_CONTAIN,NULL,NOT_NULL,EMPTY,NOT_EMPTY,LIKE,NOT_LIKE,REGEX', '接口返回内容', 1, '2019-11-22 16:25:38', '2019-11-22 16:25:38');
INSERT INTO `welab_skyeye`.`tag`(`id`, `short_name`, `name`, `owner_id`, `is_id_mapped`, `is_visible`, `is_encrypted`, `is_related`, `data_type`, `source_data_type`, `aggregator`, `operator`, `description`, `seq_num`, `gmt_create`, `gmt_modified`) VALUES (4722, 'ar', 'api_result', 115, 1, 1, 0, 0, 1, 1, 'SUM,COUNT,COUNT_DISTINCT,AVG,MAX,MIN', 'EQUAL,NOT_EQUAL,BETWEEN,GREATER,LESS,CONTAIN,NOT_CONTAIN,NULL,NOT_NULL,GREATER_EQUAL,LESS_EQUAL', '接口返回结果', 1, '2019-11-22 16:25:38', '2019-11-22 16:25:38');
INSERT INTO `welab_skyeye`.`tag`(`id`, `short_name`, `name`, `owner_id`, `is_id_mapped`, `is_visible`, `is_encrypted`, `is_related`, `data_type`, `source_data_type`, `aggregator`, `operator`, `description`, `seq_num`, `gmt_create`, `gmt_modified`) VALUES (4721, 'at', 'api_type', 115, 1, 1, 0, 0, 3, 3, 'COUNT', 'EQUAL,NOT_EQUAL,CONTAIN,NOT_CONTAIN,NULL,NOT_NULL,EMPTY,NOT_EMPTY,LIKE,NOT_LIKE,REGEX', '接口类型', 1, '2019-11-22 16:25:38', '2019-11-22 16:25:38');
INSERT INTO `welab_skyeye`.`tag`(`id`, `short_name`, `name`, `owner_id`, `is_id_mapped`, `is_visible`, `is_encrypted`, `is_related`, `data_type`, `source_data_type`, `aggregator`, `operator`, `description`, `seq_num`, `gmt_create`, `gmt_modified`) VALUES (4696, 'aid', 'application_id', 115, 0, 1, 0, 0, 3, 3, 'COUNT', 'EQUAL,NOT_EQUAL,CONTAIN,NOT_CONTAIN,NULL,NOT_NULL,EMPTY,NOT_EMPTY,LIKE,NOT_LIKE,REGEX', '贷款ID', 1, '2019-11-22 16:25:38', '2019-11-22 16:25:38');
INSERT INTO `welab_skyeye`.`tag`(`id`, `short_name`, `name`, `owner_id`, `is_id_mapped`, `is_visible`, `is_encrypted`, `is_related`, `data_type`, `source_data_type`, `aggregator`, `operator`, `description`, `seq_num`, `gmt_create`, `gmt_modified`) VALUES (4730, 'ai', 'apply_id', 115, 1, 1, 0, 0, 3, 3, 'COUNT', 'EQUAL,NOT_EQUAL,CONTAIN,NOT_CONTAIN,NULL,NOT_NULL,EMPTY,NOT_EMPTY,LIKE,NOT_LIKE,REGEX', '应用标识', 1, '2019-11-22 16:25:38', '2019-11-22 16:25:38');
INSERT INTO `welab_skyeye`.`tag`(`id`, `short_name`, `name`, `owner_id`, `is_id_mapped`, `is_visible`, `is_encrypted`, `is_related`, `data_type`, `source_data_type`, `aggregator`, `operator`, `description`, `seq_num`, `gmt_create`, `gmt_modified`) VALUES (4803, 'adsts', 'audit_status', 115, 1, 0, 0, 0, 3, 3, 'COUNT', 'EQUAL,NOT_EQUAL,CONTAIN,NOT_CONTAIN,NULL,NOT_NULL,EMPTY,NOT_EMPTY,LIKE,NOT_LIKE,REGEX', '审核状态', 4802, '2019-12-16 17:35:54', '2019-12-16 17:35:54');
INSERT INTO `welab_skyeye`.`tag`(`id`, `short_name`, `name`, `owner_id`, `is_id_mapped`, `is_visible`, `is_encrypted`, `is_related`, `data_type`, `source_data_type`, `aggregator`, `operator`, `description`, `seq_num`, `gmt_create`, `gmt_modified`) VALUES (4706, 'bi', 'banner_id', 115, 0, 1, 0, 0, 3, 3, 'COUNT', 'EQUAL,NOT_EQUAL,CONTAIN,NOT_CONTAIN,NULL,NOT_NULL,EMPTY,NOT_EMPTY,LIKE,NOT_LIKE,REGEX', 'banner图id', 1, '2019-11-22 16:25:38', '2019-11-22 16:25:38');
INSERT INTO `welab_skyeye`.`tag`(`id`, `short_name`, `name`, `owner_id`, `is_id_mapped`, `is_visible`, `is_encrypted`, `is_related`, `data_type`, `source_data_type`, `aggregator`, `operator`, `description`, `seq_num`, `gmt_create`, `gmt_modified`) VALUES (4707, 'bn', 'banner_number', 115, 0, 1, 0, 0, 1, 1, 'SUM,COUNT,COUNT_DISTINCT,AVG,MAX,MIN', 'EQUAL,NOT_EQUAL,BETWEEN,GREATER,LESS,CONTAIN,NOT_CONTAIN,NULL,NOT_NULL,GREATER_EQUAL,LESS_EQUAL', 'banner位置', 1, '2019-11-22 16:25:38', '2019-11-22 16:25:38');
INSERT INTO `welab_skyeye`.`tag`(`id`, `short_name`, `name`, `owner_id`, `is_id_mapped`, `is_visible`, `is_encrypted`, `is_related`, `data_type`, `source_data_type`, `aggregator`, `operator`, `description`, `seq_num`, `gmt_create`, `gmt_modified`) VALUES (4640, 'dpr', 'browser_bpix', 115, 0, 1, 0, 0, 1, 1, 'SUM,COUNT,COUNT_DISTINCT,AVG,MAX,MIN', 'EQUAL,NOT_EQUAL,BETWEEN,GREATER,LESS,CONTAIN,NOT_CONTAIN,NULL,NOT_NULL,GREATER_EQUAL,LESS_EQUAL', '屏幕DPR', 1, '2019-11-22 16:25:38', '2019-11-22 16:25:38');
INSERT INTO `welab_skyeye`.`tag`(`id`, `short_name`, `name`, `owner_id`, `is_id_mapped`, `is_visible`, `is_encrypted`, `is_related`, `data_type`, `source_data_type`, `aggregator`, `operator`, `description`, `seq_num`, `gmt_create`, `gmt_modified`) VALUES (4641, 'lg', 'browser_language', 115, 1, 1, 0, 0, 3, 3, 'COUNT', 'EQUAL,NOT_EQUAL,CONTAIN,NOT_CONTAIN,NULL,NOT_NULL,EMPTY,NOT_EMPTY,LIKE,NOT_LIKE,REGEX', '浏览器语言', 1, '2019-11-22 16:25:38', '2019-11-22 16:25:38');
INSERT INTO `welab_skyeye`.`tag`(`id`, `short_name`, `name`, `owner_id`, `is_id_mapped`, `is_visible`, `is_encrypted`, `is_related`, `data_type`, `source_data_type`, `aggregator`, `operator`, `description`, `seq_num`, `gmt_create`, `gmt_modified`) VALUES (4636, 'brw', 'browser_name', 115, 1, 1, 0, 0, 3, 3, 'COUNT', 'EQUAL,NOT_EQUAL,CONTAIN,NOT_CONTAIN,NULL,NOT_NULL,EMPTY,NOT_EMPTY,LIKE,NOT_LIKE,REGEX', '浏览器名称', 1, '2019-11-22 16:25:38', '2019-11-22 16:25:38');
INSERT INTO `welab_skyeye`.`tag`(`id`, `short_name`, `name`, `owner_id`, `is_id_mapped`, `is_visible`, `is_encrypted`, `is_related`, `data_type`, `source_data_type`, `aggregator`, `operator`, `description`, `seq_num`, `gmt_create`, `gmt_modified`) VALUES (4637, 'brwv', 'browser_version', 115, 1, 1, 0, 0, 3, 3, 'COUNT', 'EQUAL,NOT_EQUAL,CONTAIN,NOT_CONTAIN,NULL,NOT_NULL,EMPTY,NOT_EMPTY,LIKE,NOT_LIKE,REGEX', '浏览器版本', 1, '2019-11-22 16:25:38', '2019-11-22 16:25:38');
INSERT INTO `welab_skyeye`.`tag`(`id`, `short_name`, `name`, `owner_id`, `is_id_mapped`, `is_visible`, `is_encrypted`, `is_related`, `data_type`, `source_data_type`, `aggregator`, `operator`, `description`, `seq_num`, `gmt_create`, `gmt_modified`) VALUES (4798, 'crno', 'car_no', 115, 0, 0, 0, 0, 3, 3, 'COUNT', 'EQUAL,NOT_EQUAL,CONTAIN,NOT_CONTAIN,NULL,NOT_NULL,EMPTY,NOT_EMPTY,LIKE,NOT_LIKE,REGEX', '车牌号', 4704, '2019-12-16 17:35:54', '2019-12-16 17:35:54');
INSERT INTO `welab_skyeye`.`tag`(`id`, `short_name`, `name`, `owner_id`, `is_id_mapped`, `is_visible`, `is_encrypted`, `is_related`, `data_type`, `source_data_type`, `aggregator`, `operator`, `description`, `seq_num`, `gmt_create`, `gmt_modified`) VALUES (4701, 'channel', 'channel', 115, 1, 1, 0, 0, 3, 3, 'COUNT', 'EQUAL,NOT_EQUAL,CONTAIN,NOT_CONTAIN,NULL,NOT_NULL,EMPTY,NOT_EMPTY,LIKE,NOT_LIKE,REGEX', '渠道号', 1, '2019-11-22 16:25:38', '2019-11-22 16:25:38');
INSERT INTO `welab_skyeye`.`tag`(`id`, `short_name`, `name`, `owner_id`, `is_id_mapped`, `is_visible`, `is_encrypted`, `is_related`, `data_type`, `source_data_type`, `aggregator`, `operator`, `description`, `seq_num`, `gmt_create`, `gmt_modified`) VALUES (4654, 'city', 'city', 115, 1, 1, 0, 0, 3, 3, 'COUNT', 'EQUAL,NOT_EQUAL,CONTAIN,NOT_CONTAIN,NULL,NOT_NULL,EMPTY,NOT_EMPTY,LIKE,NOT_LIKE,REGEX', '城市', 1, '2019-11-22 16:25:38', '2019-11-22 16:25:38');
INSERT INTO `welab_skyeye`.`tag`(`id`, `short_name`, `name`, `owner_id`, `is_id_mapped`, `is_visible`, `is_encrypted`, `is_related`, `data_type`, `source_data_type`, `aggregator`, `operator`, `description`, `seq_num`, `gmt_create`, `gmt_modified`) VALUES (4802, 'cst', 'cost_time', 115, 0, 0, 0, 0, 2, 2, 'SUM,COUNT,AVG,MAX,MIN', 'EQUAL,NOT_EQUAL,BETWEEN,GREATER,LESS,CONTAIN,NOT_CONTAIN,NULL,NOT_NULL,GREATER_EQUAL,LESS_EQUAL', '耗时', 4801, '2019-12-16 17:35:54', '2019-12-16 17:35:54');
INSERT INTO `welab_skyeye`.`tag`(`id`, `short_name`, `name`, `owner_id`, `is_id_mapped`, `is_visible`, `is_encrypted`, `is_related`, `data_type`, `source_data_type`, `aggregator`, `operator`, `description`, `seq_num`, `gmt_create`, `gmt_modified`) VALUES (4638, 'cb', 'cpu_bits', 115, 1, 1, 0, 0, 1, 1, 'SUM,COUNT,COUNT_DISTINCT,AVG,MAX,MIN', 'EQUAL,NOT_EQUAL,BETWEEN,GREATER,LESS,CONTAIN,NOT_CONTAIN,NULL,NOT_NULL,GREATER_EQUAL,LESS_EQUAL', 'CPU位数', 1, '2019-11-22 16:25:38', '2019-11-22 16:25:38');
INSERT INTO `welab_skyeye`.`tag`(`id`, `short_name`, `name`, `owner_id`, `is_id_mapped`, `is_visible`, `is_encrypted`, `is_related`, `data_type`, `source_data_type`, `aggregator`, `operator`, `description`, `seq_num`, `gmt_create`, `gmt_modified`) VALUES (4639, 'cpu', 'cpu_cores', 115, 1, 1, 0, 0, 1, 1, 'SUM,COUNT,COUNT_DISTINCT,AVG,MAX,MIN', 'EQUAL,NOT_EQUAL,BETWEEN,GREATER,LESS,CONTAIN,NOT_CONTAIN,NULL,NOT_NULL,GREATER_EQUAL,LESS_EQUAL', 'cpu核心数', 1, '2019-11-22 16:25:38', '2019-11-22 16:25:38');
INSERT INTO `welab_skyeye`.`tag`(`id`, `short_name`, `name`, `owner_id`, `is_id_mapped`, `is_visible`, `is_encrypted`, `is_related`, `data_type`, `source_data_type`, `aggregator`, `operator`, `description`, `seq_num`, `gmt_create`, `gmt_modified`) VALUES (4747, 'create_date_time', 'create_date_time', 115, 0, 0, 0, 0, 3, 3, 'COUNT', 'EQUAL,NOT_EQUAL,CONTAIN,NOT_CONTAIN,NULL,NOT_NULL,EMPTY,NOT_EMPTY,LIKE,NOT_LIKE,REGEX', '创建时间', 1, '2019-11-22 16:25:38', '2019-11-22 16:25:38');
INSERT INTO `welab_skyeye`.`tag`(`id`, `short_name`, `name`, `owner_id`, `is_id_mapped`, `is_visible`, `is_encrypted`, `is_related`, `data_type`, `source_data_type`, `aggregator`, `operator`, `description`, `seq_num`, `gmt_create`, `gmt_modified`) VALUES (4720, 'credit_user', 'credit_user', 115, 1, 1, 0, 0, 1, 1, 'SUM,COUNT,COUNT_DISTINCT,AVG,MAX,MIN', 'EQUAL,NOT_EQUAL,BETWEEN,GREATER,LESS,CONTAIN,NOT_CONTAIN,NULL,NOT_NULL,GREATER_EQUAL,LESS_EQUAL', '是否额度用户', 1, '2019-11-22 16:25:38', '2019-11-22 16:25:38');
INSERT INTO `welab_skyeye`.`tag`(`id`, `short_name`, `name`, `owner_id`, `is_id_mapped`, `is_visible`, `is_encrypted`, `is_related`, `data_type`, `source_data_type`, `aggregator`, `operator`, `description`, `seq_num`, `gmt_create`, `gmt_modified`) VALUES (4632, 'db', 'device_brand', 115, 1, 1, 0, 0, 3, 3, 'COUNT', 'EQUAL,NOT_EQUAL,CONTAIN,NOT_CONTAIN,NULL,NOT_NULL,EMPTY,NOT_EMPTY,LIKE,NOT_LIKE,REGEX', '设备厂商', 1, '2019-11-22 16:25:38', '2019-11-22 16:25:38');
INSERT INTO `welab_skyeye`.`tag`(`id`, `short_name`, `name`, `owner_id`, `is_id_mapped`, `is_visible`, `is_encrypted`, `is_related`, `data_type`, `source_data_type`, `aggregator`, `operator`, `description`, `seq_num`, `gmt_create`, `gmt_modified`) VALUES (4631, 'dn', 'device_name', 115, 1, 1, 0, 0, 3, 3, 'COUNT', 'EQUAL,NOT_EQUAL,CONTAIN,NOT_CONTAIN,NULL,NOT_NULL,EMPTY,NOT_EMPTY,LIKE,NOT_LIKE,REGEX', '设备名称', 1, '2019-11-22 16:25:38', '2019-11-22 16:25:38');
INSERT INTO `welab_skyeye`.`tag`(`id`, `short_name`, `name`, `owner_id`, `is_id_mapped`, `is_visible`, `is_encrypted`, `is_related`, `data_type`, `source_data_type`, `aggregator`, `operator`, `description`, `seq_num`, `gmt_create`, `gmt_modified`) VALUES (4630, 'dt', 'device_type', 115, 1, 1, 0, 0, 3, 3, 'COUNT', 'EQUAL,NOT_EQUAL,CONTAIN,NOT_CONTAIN,NULL,NOT_NULL,EMPTY,NOT_EMPTY,LIKE,NOT_LIKE,REGEX', '设备类型', 1, '2019-11-22 16:25:38', '2019-11-22 16:25:38');
INSERT INTO `welab_skyeye`.`tag`(`id`, `short_name`, `name`, `owner_id`, `is_id_mapped`, `is_visible`, `is_encrypted`, `is_related`, `data_type`, `source_data_type`, `aggregator`, `operator`, `description`, `seq_num`, `gmt_create`, `gmt_modified`) VALUES (4673, 'dns', 'dns_time', 115, 0, 1, 0, 0, 1, 1, 'SUM,COUNT,COUNT_DISTINCT,AVG,MAX,MIN', 'EQUAL,NOT_EQUAL,BETWEEN,GREATER,LESS,CONTAIN,NOT_CONTAIN,NULL,NOT_NULL,GREATER_EQUAL,LESS_EQUAL', 'DNS解析耗时', 1, '2019-11-22 16:25:38', '2019-11-22 16:25:38');
INSERT INTO `welab_skyeye`.`tag`(`id`, `short_name`, `name`, `owner_id`, `is_id_mapped`, `is_visible`, `is_encrypted`, `is_related`, `data_type`, `source_data_type`, `aggregator`, `operator`, `description`, `seq_num`, `gmt_create`, `gmt_modified`) VALUES (4676, 'dom', 'dom_time', 115, 0, 1, 0, 0, 1, 1, 'SUM,COUNT,COUNT_DISTINCT,AVG,MAX,MIN', 'EQUAL,NOT_EQUAL,BETWEEN,GREATER,LESS,CONTAIN,NOT_CONTAIN,NULL,NOT_NULL,GREATER_EQUAL,LESS_EQUAL', 'DOM解析耗时', 1, '2019-11-22 16:25:38', '2019-11-22 16:25:38');
INSERT INTO `welab_skyeye`.`tag`(`id`, `short_name`, `name`, `owner_id`, `is_id_mapped`, `is_visible`, `is_encrypted`, `is_related`, `data_type`, `source_data_type`, `aggregator`, `operator`, `description`, `seq_num`, `gmt_create`, `gmt_modified`) VALUES (4659, 'ec', 'element_content', 115, 0, 1, 0, 0, 3, 3, 'COUNT', 'EQUAL,NOT_EQUAL,CONTAIN,NOT_CONTAIN,NULL,NOT_NULL,EMPTY,NOT_EMPTY,LIKE,NOT_LIKE,REGEX', '元素内容', 1, '2019-11-22 16:25:38', '2019-11-22 16:25:38');
INSERT INTO `welab_skyeye`.`tag`(`id`, `short_name`, `name`, `owner_id`, `is_id_mapped`, `is_visible`, `is_encrypted`, `is_related`, `data_type`, `source_data_type`, `aggregator`, `operator`, `description`, `seq_num`, `gmt_create`, `gmt_modified`) VALUES (4661, 'en', 'element_name', 115, 1, 1, 0, 0, 3, 3, 'COUNT', 'EQUAL,NOT_EQUAL,CONTAIN,NOT_CONTAIN,NULL,NOT_NULL,EMPTY,NOT_EMPTY,LIKE,NOT_LIKE,REGEX', '元素name', 1, '2019-11-22 16:25:38', '2019-11-22 16:25:38');
INSERT INTO `welab_skyeye`.`tag`(`id`, `short_name`, `name`, `owner_id`, `is_id_mapped`, `is_visible`, `is_encrypted`, `is_related`, `data_type`, `source_data_type`, `aggregator`, `operator`, `description`, `seq_num`, `gmt_create`, `gmt_modified`) VALUES (4657, 'ep', 'element_position', 115, 0, 1, 0, 0, 1, 1, 'SUM,COUNT,COUNT_DISTINCT,AVG,MAX,MIN', 'EQUAL,NOT_EQUAL,BETWEEN,GREATER,LESS,CONTAIN,NOT_CONTAIN,NULL,NOT_NULL,GREATER_EQUAL,LESS_EQUAL', '元素位置', 1, '2019-11-22 16:25:38', '2019-11-22 16:25:38');
INSERT INTO `welab_skyeye`.`tag`(`id`, `short_name`, `name`, `owner_id`, `is_id_mapped`, `is_visible`, `is_encrypted`, `is_related`, `data_type`, `source_data_type`, `aggregator`, `operator`, `description`, `seq_num`, `gmt_create`, `gmt_modified`) VALUES (4662, 'es', 'element_selector', 115, 1, 1, 0, 0, 3, 3, 'COUNT', 'EQUAL,NOT_EQUAL,CONTAIN,NOT_CONTAIN,NULL,NOT_NULL,EMPTY,NOT_EMPTY,LIKE,NOT_LIKE,REGEX', '元素选择器', 1, '2019-11-22 16:25:38', '2019-11-22 16:25:38');
INSERT INTO `welab_skyeye`.`tag`(`id`, `short_name`, `name`, `owner_id`, `is_id_mapped`, `is_visible`, `is_encrypted`, `is_related`, `data_type`, `source_data_type`, `aggregator`, `operator`, `description`, `seq_num`, `gmt_create`, `gmt_modified`) VALUES (4717, 'est', 'element_sub_type', 115, 1, 1, 0, 0, 3, 3, 'COUNT', 'EQUAL,NOT_EQUAL,CONTAIN,NOT_CONTAIN,NULL,NOT_NULL,EMPTY,NOT_EMPTY,LIKE,NOT_LIKE,REGEX', '元素子类型', 1, '2019-11-22 16:25:38', '2019-11-22 16:25:38');
INSERT INTO `welab_skyeye`.`tag`(`id`, `short_name`, `name`, `owner_id`, `is_id_mapped`, `is_visible`, `is_encrypted`, `is_related`, `data_type`, `source_data_type`, `aggregator`, `operator`, `description`, `seq_num`, `gmt_create`, `gmt_modified`) VALUES (4663, 'etu', 'element_target_url', 115, 1, 1, 0, 0, 3, 3, 'COUNT', 'EQUAL,NOT_EQUAL,CONTAIN,NOT_CONTAIN,NULL,NOT_NULL,EMPTY,NOT_EMPTY,LIKE,NOT_LIKE,REGEX', '元素链接地址', 1, '2019-11-22 16:25:38', '2019-11-22 16:25:38');
INSERT INTO `welab_skyeye`.`tag`(`id`, `short_name`, `name`, `owner_id`, `is_id_mapped`, `is_visible`, `is_encrypted`, `is_related`, `data_type`, `source_data_type`, `aggregator`, `operator`, `description`, `seq_num`, `gmt_create`, `gmt_modified`) VALUES (4658, 'et', 'element_title', 115, 1, 1, 0, 0, 3, 3, 'COUNT', 'EQUAL,NOT_EQUAL,CONTAIN,NOT_CONTAIN,NULL,NOT_NULL,EMPTY,NOT_EMPTY,LIKE,NOT_LIKE,REGEX', '元素标题', 1, '2019-11-22 16:25:38', '2019-11-22 16:25:38');
INSERT INTO `welab_skyeye`.`tag`(`id`, `short_name`, `name`, `owner_id`, `is_id_mapped`, `is_visible`, `is_encrypted`, `is_related`, `data_type`, `source_data_type`, `aggregator`, `operator`, `description`, `seq_num`, `gmt_create`, `gmt_modified`) VALUES (4660, 'ete', 'element_type', 115, 1, 1, 0, 0, 3, 3, 'COUNT', 'EQUAL,NOT_EQUAL,CONTAIN,NOT_CONTAIN,NULL,NOT_NULL,EMPTY,NOT_EMPTY,LIKE,NOT_LIKE,REGEX', '元素类型', 1, '2019-11-22 16:25:38', '2019-11-22 16:25:38');
INSERT INTO `welab_skyeye`.`tag`(`id`, `short_name`, `name`, `owner_id`, `is_id_mapped`, `is_visible`, `is_encrypted`, `is_related`, `data_type`, `source_data_type`, `aggregator`, `operator`, `description`, `seq_num`, `gmt_create`, `gmt_modified`) VALUES (4746, 'event_date_time', 'event_date_time', 115, 0, 0, 0, 0, 3, 3, 'COUNT', 'EQUAL,NOT_EQUAL,CONTAIN,NOT_CONTAIN,NULL,NOT_NULL,EMPTY,NOT_EMPTY,LIKE,NOT_LIKE,REGEX', '客户端事件上报时间', 1, '2019-11-22 16:25:38', '2019-11-22 16:25:38');
INSERT INTO `welab_skyeye`.`tag`(`id`, `short_name`, `name`, `owner_id`, `is_id_mapped`, `is_visible`, `is_encrypted`, `is_related`, `data_type`, `source_data_type`, `aggregator`, `operator`, `description`, `seq_num`, `gmt_create`, `gmt_modified`) VALUES (4672, 'ed', 'event_duration', 115, 0, 1, 0, 0, 1, 1, 'SUM,COUNT,COUNT_DISTINCT,AVG,MAX,MIN', 'EQUAL,NOT_EQUAL,BETWEEN,GREATER,LESS,CONTAIN,NOT_CONTAIN,NULL,NOT_NULL,GREATER_EQUAL,LESS_EQUAL', '停留时间', 1, '2019-11-22 16:25:38', '2019-11-22 16:25:38');
INSERT INTO `welab_skyeye`.`tag`(`id`, `short_name`, `name`, `owner_id`, `is_id_mapped`, `is_visible`, `is_encrypted`, `is_related`, `data_type`, `source_data_type`, `aggregator`, `operator`, `description`, `seq_num`, `gmt_create`, `gmt_modified`) VALUES (4623, 'e', 'event_name', 115, 0, 1, 0, 0, 3, 3, 'COUNT', 'EQUAL,NOT_EQUAL,CONTAIN,NOT_CONTAIN,NULL,NOT_NULL,EMPTY,NOT_EMPTY,LIKE,NOT_LIKE,REGEX', '事件', 1, '2019-11-22 16:25:38', '2019-11-22 16:25:38');
INSERT INTO `welab_skyeye`.`tag`(`id`, `short_name`, `name`, `owner_id`, `is_id_mapped`, `is_visible`, `is_encrypted`, `is_related`, `data_type`, `source_data_type`, `aggregator`, `operator`, `description`, `seq_num`, `gmt_create`, `gmt_modified`) VALUES (4741, 'event_time', 'event_time', 115, 0, 0, 0, 0, 1, 1, 'SUM,COUNT,COUNT_DISTINCT,AVG,MAX,MIN', 'EQUAL,NOT_EQUAL,BETWEEN,GREATER,LESS,CONTAIN,NOT_CONTAIN,NULL,NOT_NULL,GREATER_EQUAL,LESS_EQUAL', '事件上报时间毫秒', 1, '2019-11-22 16:25:38', '2019-11-22 16:25:38');
INSERT INTO `welab_skyeye`.`tag`(`id`, `short_name`, `name`, `owner_id`, `is_id_mapped`, `is_visible`, `is_encrypted`, `is_related`, `data_type`, `source_data_type`, `aggregator`, `operator`, `description`, `seq_num`, `gmt_create`, `gmt_modified`) VALUES (4743, 'event_time_day', 'event_time_day', 115, 0, 0, 0, 0, 1, 1, 'SUM,COUNT,COUNT_DISTINCT,AVG,MAX,MIN', 'EQUAL,NOT_EQUAL,BETWEEN,GREATER,LESS,CONTAIN,NOT_CONTAIN,NULL,NOT_NULL,GREATER_EQUAL,LESS_EQUAL', '事件上报时间天', 1, '2019-11-22 16:25:38', '2019-11-22 16:25:38');
INSERT INTO `welab_skyeye`.`tag`(`id`, `short_name`, `name`, `owner_id`, `is_id_mapped`, `is_visible`, `is_encrypted`, `is_related`, `data_type`, `source_data_type`, `aggregator`, `operator`, `description`, `seq_num`, `gmt_create`, `gmt_modified`) VALUES (4742, 'event_time_hour', 'event_time_hour', 115, 0, 0, 0, 0, 1, 1, 'SUM,COUNT,COUNT_DISTINCT,AVG,MAX,MIN', 'EQUAL,NOT_EQUAL,BETWEEN,GREATER,LESS,CONTAIN,NOT_CONTAIN,NULL,NOT_NULL,GREATER_EQUAL,LESS_EQUAL', '事件上报时间小时', 1, '2019-11-22 16:25:38', '2019-11-22 16:25:38');
INSERT INTO `welab_skyeye`.`tag`(`id`, `short_name`, `name`, `owner_id`, `is_id_mapped`, `is_visible`, `is_encrypted`, `is_related`, `data_type`, `source_data_type`, `aggregator`, `operator`, `description`, `seq_num`, `gmt_create`, `gmt_modified`) VALUES (4731, 'event_time_millis', 'event_time_millis', 115, 0, 1, 0, 0, 5, 5, 'SUM,COUNT,COUNT_DISTINCT,AVG,MAX,MIN', 'EQUAL,NOT_EQUAL,BETWEEN,GREATER,LESS,CONTAIN,NOT_CONTAIN,NULL,NOT_NULL,GREATER_EQUAL,LESS_EQUAL', '事件上报时间(毫秒)', 1, '2019-11-22 16:25:38', '2019-11-22 16:25:38');
INSERT INTO `welab_skyeye`.`tag`(`id`, `short_name`, `name`, `owner_id`, `is_id_mapped`, `is_visible`, `is_encrypted`, `is_related`, `data_type`, `source_data_type`, `aggregator`, `operator`, `description`, `seq_num`, `gmt_create`, `gmt_modified`) VALUES (4748, 'event_time_minute', 'event_time_minute', 115, 0, 0, 0, 0, 1, 1, 'SUM,COUNT,COUNT_DISTINCT,AVG,MAX,MIN', 'EQUAL,NOT_EQUAL,BETWEEN,GREATER,LESS,CONTAIN,NOT_CONTAIN,NULL,NOT_NULL,GREATER_EQUAL,LESS_EQUAL', '事件上报时间分钟', 1, '2019-11-22 16:25:38', '2019-11-22 16:25:38');
INSERT INTO `welab_skyeye`.`tag`(`id`, `short_name`, `name`, `owner_id`, `is_id_mapped`, `is_visible`, `is_encrypted`, `is_related`, `data_type`, `source_data_type`, `aggregator`, `operator`, `description`, `seq_num`, `gmt_create`, `gmt_modified`) VALUES (4745, 'event_time_month', 'event_time_month', 115, 0, 0, 0, 0, 1, 1, 'SUM,COUNT,COUNT_DISTINCT,AVG,MAX,MIN', 'EQUAL,NOT_EQUAL,BETWEEN,GREATER,LESS,CONTAIN,NOT_CONTAIN,NULL,NOT_NULL,GREATER_EQUAL,LESS_EQUAL', '事件上报时间月', 1, '2019-11-22 16:25:38', '2019-11-22 16:25:38');
INSERT INTO `welab_skyeye`.`tag`(`id`, `short_name`, `name`, `owner_id`, `is_id_mapped`, `is_visible`, `is_encrypted`, `is_related`, `data_type`, `source_data_type`, `aggregator`, `operator`, `description`, `seq_num`, `gmt_create`, `gmt_modified`) VALUES (4744, 'event_time_week', 'event_time_week', 115, 0, 0, 0, 0, 1, 1, 'SUM,COUNT,COUNT_DISTINCT,AVG,MAX,MIN', 'EQUAL,NOT_EQUAL,BETWEEN,GREATER,LESS,CONTAIN,NOT_CONTAIN,NULL,NOT_NULL,GREATER_EQUAL,LESS_EQUAL', '事件上报时间周', 1, '2019-11-22 16:25:38', '2019-11-22 16:25:38');
INSERT INTO `welab_skyeye`.`tag`(`id`, `short_name`, `name`, `owner_id`, `is_id_mapped`, `is_visible`, `is_encrypted`, `is_related`, `data_type`, `source_data_type`, `aggregator`, `operator`, `description`, `seq_num`, `gmt_create`, `gmt_modified`) VALUES (4801, 'fcnt', 'fail_count', 115, 0, 0, 0, 0, 1, 1, 'SUM,COUNT,COUNT_DISTINCT,AVG,MAX,MIN', 'EQUAL,NOT_EQUAL,BETWEEN,GREATER,LESS,CONTAIN,NOT_CONTAIN,NULL,NOT_NULL,GREATER_EQUAL,LESS_EQUAL', '失败次数', 4800, '2019-12-16 17:35:54', '2019-12-16 17:35:54');
INSERT INTO `welab_skyeye`.`tag`(`id`, `short_name`, `name`, `owner_id`, `is_id_mapped`, `is_visible`, `is_encrypted`, `is_related`, `data_type`, `source_data_type`, `aggregator`, `operator`, `description`, `seq_num`, `gmt_create`, `gmt_modified`) VALUES (4715, 'fr', 'fail_reason', 115, 0, 1, 0, 0, 3, 3, 'COUNT', 'EQUAL,NOT_EQUAL,CONTAIN,NOT_CONTAIN,NULL,NOT_NULL,EMPTY,NOT_EMPTY,LIKE,NOT_LIKE,REGEX', '失败原因', 1, '2019-11-22 16:25:38', '2019-11-22 16:25:38');
INSERT INTO `welab_skyeye`.`tag`(`id`, `short_name`, `name`, `owner_id`, `is_id_mapped`, `is_visible`, `is_encrypted`, `is_related`, `data_type`, `source_data_type`, `aggregator`, `operator`, `description`, `seq_num`, `gmt_create`, `gmt_modified`) VALUES (4678, 'fbt', 'firstbyte_time', 115, 0, 1, 0, 0, 1, 1, 'SUM,COUNT,COUNT_DISTINCT,AVG,MAX,MIN', 'EQUAL,NOT_EQUAL,BETWEEN,GREATER,LESS,CONTAIN,NOT_CONTAIN,NULL,NOT_NULL,GREATER_EQUAL,LESS_EQUAL', '首包时间', 1, '2019-11-22 16:25:38', '2019-11-22 16:25:38');
INSERT INTO `welab_skyeye`.`tag`(`id`, `short_name`, `name`, `owner_id`, `is_id_mapped`, `is_visible`, `is_encrypted`, `is_related`, `data_type`, `source_data_type`, `aggregator`, `operator`, `description`, `seq_num`, `gmt_create`, `gmt_modified`) VALUES (4679, 'fpt', 'fpt_time', 115, 0, 1, 0, 0, 1, 1, 'SUM,COUNT,COUNT_DISTINCT,AVG,MAX,MIN', 'EQUAL,NOT_EQUAL,BETWEEN,GREATER,LESS,CONTAIN,NOT_CONTAIN,NULL,NOT_NULL,GREATER_EQUAL,LESS_EQUAL', '首次渲染时间', 1, '2019-11-22 16:25:38', '2019-11-22 16:25:38');
INSERT INTO `welab_skyeye`.`tag`(`id`, `short_name`, `name`, `owner_id`, `is_id_mapped`, `is_visible`, `is_encrypted`, `is_related`, `data_type`, `source_data_type`, `aggregator`, `operator`, `description`, `seq_num`, `gmt_create`, `gmt_modified`) VALUES (4735, 'gps', 'gps_address', 115, 0, 1, 0, 0, 3, 3, 'COUNT', 'EQUAL,NOT_EQUAL,CONTAIN,NOT_CONTAIN,NULL,NOT_NULL,EMPTY,NOT_EMPTY,LIKE,NOT_LIKE,REGEX', 'gps地址', 1, '2019-11-22 16:25:38', '2019-11-22 16:25:38');
INSERT INTO `welab_skyeye`.`tag`(`id`, `short_name`, `name`, `owner_id`, `is_id_mapped`, `is_visible`, `is_encrypted`, `is_related`, `data_type`, `source_data_type`, `aggregator`, `operator`, `description`, `seq_num`, `gmt_create`, `gmt_modified`) VALUES (4739, 'cs', 'gps_type', 115, 1, 1, 0, 0, 3, 3, 'COUNT', 'EQUAL,NOT_EQUAL,CONTAIN,NOT_CONTAIN,NULL,NOT_NULL,EMPTY,NOT_EMPTY,LIKE,NOT_LIKE,REGEX', '坐标系', 1, '2019-11-22 16:25:38', '2019-11-22 16:25:38');
INSERT INTO `welab_skyeye`.`tag`(`id`, `short_name`, `name`, `owner_id`, `is_id_mapped`, `is_visible`, `is_encrypted`, `is_related`, `data_type`, `source_data_type`, `aggregator`, `operator`, `description`, `seq_num`, `gmt_create`, `gmt_modified`) VALUES (4656, 'ip', 'ip', 115, 0, 1, 0, 0, 3, 3, 'COUNT', 'EQUAL,NOT_EQUAL,CONTAIN,NOT_CONTAIN,NULL,NOT_NULL,EMPTY,NOT_EMPTY,LIKE,NOT_LIKE,REGEX', '客户端的IP', 1, '2019-11-22 16:25:38', '2019-11-22 16:25:38');
INSERT INTO `welab_skyeye`.`tag`(`id`, `short_name`, `name`, `owner_id`, `is_id_mapped`, `is_visible`, `is_encrypted`, `is_related`, `data_type`, `source_data_type`, `aggregator`, `operator`, `description`, `seq_num`, `gmt_create`, `gmt_modified`) VALUES (4642, 'ifd', 'is_first_day', 115, 1, 1, 0, 0, 1, 1, 'SUM,COUNT,COUNT_DISTINCT,AVG,MAX,MIN', 'EQUAL,NOT_EQUAL,BETWEEN,GREATER,LESS,CONTAIN,NOT_CONTAIN,NULL,NOT_NULL,GREATER_EQUAL,LESS_EQUAL', '是否首日', 1, '2019-11-22 16:25:38', '2019-11-22 16:25:38');
INSERT INTO `welab_skyeye`.`tag`(`id`, `short_name`, `name`, `owner_id`, `is_id_mapped`, `is_visible`, `is_encrypted`, `is_related`, `data_type`, `source_data_type`, `aggregator`, `operator`, `description`, `seq_num`, `gmt_create`, `gmt_modified`) VALUES (4724, 'ifl', 'is_first_login', 115, 1, 1, 0, 0, 1, 1, 'SUM,COUNT,COUNT_DISTINCT,AVG,MAX,MIN', 'EQUAL,NOT_EQUAL,BETWEEN,GREATER,LESS,CONTAIN,NOT_CONTAIN,NULL,NOT_NULL,GREATER_EQUAL,LESS_EQUAL', '是否首次登录', 1, '2019-11-22 16:25:38', '2019-11-22 16:25:38');
INSERT INTO `welab_skyeye`.`tag`(`id`, `short_name`, `name`, `owner_id`, `is_id_mapped`, `is_visible`, `is_encrypted`, `is_related`, `data_type`, `source_data_type`, `aggregator`, `operator`, `description`, `seq_num`, `gmt_create`, `gmt_modified`) VALUES (4643, 'ift', 'is_first_time', 115, 1, 1, 0, 0, 1, 1, 'SUM,COUNT,COUNT_DISTINCT,AVG,MAX,MIN', 'EQUAL,NOT_EQUAL,BETWEEN,GREATER,LESS,CONTAIN,NOT_CONTAIN,NULL,NOT_NULL,GREATER_EQUAL,LESS_EQUAL', '是否首次', 1, '2019-11-22 16:25:38', '2019-11-22 16:25:38');
INSERT INTO `welab_skyeye`.`tag`(`id`, `short_name`, `name`, `owner_id`, `is_id_mapped`, `is_visible`, `is_encrypted`, `is_related`, `data_type`, `source_data_type`, `aggregator`, `operator`, `description`, `seq_num`, `gmt_create`, `gmt_modified`) VALUES (4644, 'ol', 'is_online', 115, 1, 1, 0, 0, 1, 1, 'SUM,COUNT,COUNT_DISTINCT,AVG,MAX,MIN', 'EQUAL,NOT_EQUAL,BETWEEN,GREATER,LESS,CONTAIN,NOT_CONTAIN,NULL,NOT_NULL,GREATER_EQUAL,LESS_EQUAL', '是否在线', 1, '2019-11-22 16:25:38', '2019-11-22 16:25:38');
INSERT INTO `welab_skyeye`.`tag`(`id`, `short_name`, `name`, `owner_id`, `is_id_mapped`, `is_visible`, `is_encrypted`, `is_related`, `data_type`, `source_data_type`, `aggregator`, `operator`, `description`, `seq_num`, `gmt_create`, `gmt_modified`) VALUES (4698, 'is', 'is_simulator', 115, 1, 1, 0, 0, 1, 1, 'SUM,COUNT,COUNT_DISTINCT,AVG,MAX,MIN', 'EQUAL,NOT_EQUAL,BETWEEN,GREATER,LESS,CONTAIN,NOT_CONTAIN,NULL,NOT_NULL,GREATER_EQUAL,LESS_EQUAL', '是否模拟器', 1, '2019-11-22 16:25:38', '2019-11-22 16:25:38');
INSERT INTO `welab_skyeye`.`tag`(`id`, `short_name`, `name`, `owner_id`, `is_id_mapped`, `is_visible`, `is_encrypted`, `is_related`, `data_type`, `source_data_type`, `aggregator`, `operator`, `description`, `seq_num`, `gmt_create`, `gmt_modified`) VALUES (4655, 'isp', 'isp', 115, 1, 1, 0, 0, 3, 3, 'COUNT', 'EQUAL,NOT_EQUAL,CONTAIN,NOT_CONTAIN,NULL,NOT_NULL,EMPTY,NOT_EMPTY,LIKE,NOT_LIKE,REGEX', '运营商', 1, '2019-11-22 16:25:38', '2019-11-22 16:25:38');
INSERT INTO `welab_skyeye`.`tag`(`id`, `short_name`, `name`, `owner_id`, `is_id_mapped`, `is_visible`, `is_encrypted`, `is_related`, `data_type`, `source_data_type`, `aggregator`, `operator`, `description`, `seq_num`, `gmt_create`, `gmt_modified`) VALUES (4666, 'lr', 'latest_referrer', 115, 1, 1, 0, 0, 3, 3, 'COUNT', 'EQUAL,NOT_EQUAL,CONTAIN,NOT_CONTAIN,NULL,NOT_NULL,EMPTY,NOT_EMPTY,LIKE,NOT_LIKE,REGEX', '最近站外前向地址', 1, '2019-11-22 16:25:38', '2019-11-22 16:25:38');
INSERT INTO `welab_skyeye`.`tag`(`id`, `short_name`, `name`, `owner_id`, `is_id_mapped`, `is_visible`, `is_encrypted`, `is_related`, `data_type`, `source_data_type`, `aggregator`, `operator`, `description`, `seq_num`, `gmt_create`, `gmt_modified`) VALUES (4668, 'lrd', 'latest_referrer_domain', 115, 1, 1, 0, 0, 3, 3, 'COUNT', 'EQUAL,NOT_EQUAL,CONTAIN,NOT_CONTAIN,NULL,NOT_NULL,EMPTY,NOT_EMPTY,LIKE,NOT_LIKE,REGEX', '最近站外前向地址Domain', 1, '2019-11-22 16:25:38', '2019-11-22 16:25:38');
INSERT INTO `welab_skyeye`.`tag`(`id`, `short_name`, `name`, `owner_id`, `is_id_mapped`, `is_visible`, `is_encrypted`, `is_related`, `data_type`, `source_data_type`, `aggregator`, `operator`, `description`, `seq_num`, `gmt_create`, `gmt_modified`) VALUES (4667, 'lrh', 'latest_referrer_host', 115, 1, 1, 0, 0, 3, 3, 'COUNT', 'EQUAL,NOT_EQUAL,CONTAIN,NOT_CONTAIN,NULL,NOT_NULL,EMPTY,NOT_EMPTY,LIKE,NOT_LIKE,REGEX', '最近站外前向地址Host', 1, '2019-11-22 16:25:38', '2019-11-22 16:25:38');
INSERT INTO `welab_skyeye`.`tag`(`id`, `short_name`, `name`, `owner_id`, `is_id_mapped`, `is_visible`, `is_encrypted`, `is_related`, `data_type`, `source_data_type`, `aggregator`, `operator`, `description`, `seq_num`, `gmt_create`, `gmt_modified`) VALUES (4664, 'lsk', 'latest_search_keyword', 115, 0, 1, 0, 0, 3, 3, 'COUNT', 'EQUAL,NOT_EQUAL,CONTAIN,NOT_CONTAIN,NULL,NOT_NULL,EMPTY,NOT_EMPTY,LIKE,NOT_LIKE,REGEX', '最近搜索关键词', 1, '2019-11-22 16:25:38', '2019-11-22 16:25:38');
INSERT INTO `welab_skyeye`.`tag`(`id`, `short_name`, `name`, `owner_id`, `is_id_mapped`, `is_visible`, `is_encrypted`, `is_related`, `data_type`, `source_data_type`, `aggregator`, `operator`, `description`, `seq_num`, `gmt_create`, `gmt_modified`) VALUES (4665, 'ltst', 'latest_traffic_source_type', 115, 1, 1, 0, 0, 3, 3, 'COUNT', 'EQUAL,NOT_EQUAL,CONTAIN,NOT_CONTAIN,NULL,NOT_NULL,EMPTY,NOT_EMPTY,LIKE,NOT_LIKE,REGEX', '最近流量来源类型', 1, '2019-11-22 16:25:38', '2019-11-22 16:25:38');
INSERT INTO `welab_skyeye`.`tag`(`id`, `short_name`, `name`, `owner_id`, `is_id_mapped`, `is_visible`, `is_encrypted`, `is_related`, `data_type`, `source_data_type`, `aggregator`, `operator`, `description`, `seq_num`, `gmt_create`, `gmt_modified`) VALUES (4702, 'lat', 'latitude', 115, 0, 1, 0, 0, 7, 7, 'SUM,COUNT,AVG,MAX,MIN', 'EQUAL,NOT_EQUAL,BETWEEN,GREATER,LESS,CONTAIN,NOT_CONTAIN,NULL,NOT_NULL,GREATER_EQUAL,LESS_EQUAL', '维度', 1, '2019-11-22 16:25:38', '2019-11-22 16:25:38');
INSERT INTO `welab_skyeye`.`tag`(`id`, `short_name`, `name`, `owner_id`, `is_id_mapped`, `is_visible`, `is_encrypted`, `is_related`, `data_type`, `source_data_type`, `aggregator`, `operator`, `description`, `seq_num`, `gmt_create`, `gmt_modified`) VALUES (4627, 'l', 'lib', 115, 1, 1, 0, 0, 3, 3, 'COUNT', 'EQUAL,NOT_EQUAL,CONTAIN,NOT_CONTAIN,NULL,NOT_NULL,EMPTY,NOT_EMPTY,LIKE,NOT_LIKE,REGEX', 'SDK', 1, '2019-11-22 16:25:38', '2019-11-22 16:25:38');
INSERT INTO `welab_skyeye`.`tag`(`id`, `short_name`, `name`, `owner_id`, `is_id_mapped`, `is_visible`, `is_encrypted`, `is_related`, `data_type`, `source_data_type`, `aggregator`, `operator`, `description`, `seq_num`, `gmt_create`, `gmt_modified`) VALUES (4626, 'lv', 'lib_version', 115, 1, 1, 0, 0, 3, 3, 'COUNT', 'EQUAL,NOT_EQUAL,CONTAIN,NOT_CONTAIN,NULL,NOT_NULL,EMPTY,NOT_EMPTY,LIKE,NOT_LIKE,REGEX', 'SDK版本', 1, '2019-11-22 16:25:38', '2019-11-22 16:25:38');
INSERT INTO `welab_skyeye`.`tag`(`id`, `short_name`, `name`, `owner_id`, `is_id_mapped`, `is_visible`, `is_encrypted`, `is_related`, `data_type`, `source_data_type`, `aggregator`, `operator`, `description`, `seq_num`, `gmt_create`, `gmt_modified`) VALUES (4682, 'ld', 'load_time', 115, 0, 1, 0, 0, 1, 1, 'SUM,COUNT,COUNT_DISTINCT,AVG,MAX,MIN', 'EQUAL,NOT_EQUAL,BETWEEN,GREATER,LESS,CONTAIN,NOT_CONTAIN,NULL,NOT_NULL,GREATER_EQUAL,LESS_EQUAL', '页面完全加载时间', 1, '2019-11-22 16:25:38', '2019-11-22 16:25:38');
INSERT INTO `welab_skyeye`.`tag`(`id`, `short_name`, `name`, `owner_id`, `is_id_mapped`, `is_visible`, `is_encrypted`, `is_related`, `data_type`, `source_data_type`, `aggregator`, `operator`, `description`, `seq_num`, `gmt_create`, `gmt_modified`) VALUES (4713, 'la', 'loan_amount', 115, 0, 1, 0, 0, 3, 3, 'COUNT', 'EQUAL,NOT_EQUAL,CONTAIN,NOT_CONTAIN,NULL,NOT_NULL,EMPTY,NOT_EMPTY,LIKE,NOT_LIKE,REGEX', '申请金额', 1, '2019-11-22 16:25:38', '2019-11-22 16:25:38');
INSERT INTO `welab_skyeye`.`tag`(`id`, `short_name`, `name`, `owner_id`, `is_id_mapped`, `is_visible`, `is_encrypted`, `is_related`, `data_type`, `source_data_type`, `aggregator`, `operator`, `description`, `seq_num`, `gmt_create`, `gmt_modified`) VALUES (4712, 'login', 'login', 115, 1, 1, 0, 0, 1, 1, 'SUM,COUNT,COUNT_DISTINCT,AVG,MAX,MIN', 'EQUAL,NOT_EQUAL,BETWEEN,GREATER,LESS,CONTAIN,NOT_CONTAIN,NULL,NOT_NULL,GREATER_EQUAL,LESS_EQUAL', '是否完成登录', 1, '2019-11-22 16:25:38', '2019-11-22 16:25:38');
INSERT INTO `welab_skyeye`.`tag`(`id`, `short_name`, `name`, `owner_id`, `is_id_mapped`, `is_visible`, `is_encrypted`, `is_related`, `data_type`, `source_data_type`, `aggregator`, `operator`, `description`, `seq_num`, `gmt_create`, `gmt_modified`) VALUES (4703, 'lon', 'longitude', 115, 0, 1, 0, 0, 7, 7, 'SUM,COUNT,AVG,MAX,MIN', 'EQUAL,NOT_EQUAL,BETWEEN,GREATER,LESS,CONTAIN,NOT_CONTAIN,NULL,NOT_NULL,GREATER_EQUAL,LESS_EQUAL', '经度', 1, '2019-11-22 16:25:38', '2019-11-22 16:25:38');
INSERT INTO `welab_skyeye`.`tag`(`id`, `short_name`, `name`, `owner_id`, `is_id_mapped`, `is_visible`, `is_encrypted`, `is_related`, `data_type`, `source_data_type`, `aggregator`, `operator`, `description`, `seq_num`, `gmt_create`, `gmt_modified`) VALUES (4700, 'mf', 'manufacturer', 115, 1, 1, 0, 0, 3, 3, 'COUNT', 'EQUAL,NOT_EQUAL,CONTAIN,NOT_CONTAIN,NULL,NOT_NULL,EMPTY,NOT_EMPTY,LIKE,NOT_LIKE,REGEX', '厂商', 1, '2019-11-22 16:25:38', '2019-11-22 16:25:38');
INSERT INTO `welab_skyeye`.`tag`(`id`, `short_name`, `name`, `owner_id`, `is_id_mapped`, `is_visible`, `is_encrypted`, `is_related`, `data_type`, `source_data_type`, `aggregator`, `operator`, `description`, `seq_num`, `gmt_create`, `gmt_modified`) VALUES (4699, 'md', 'model', 115, 1, 1, 0, 0, 3, 3, 'COUNT', 'EQUAL,NOT_EQUAL,CONTAIN,NOT_CONTAIN,NULL,NOT_NULL,EMPTY,NOT_EMPTY,LIKE,NOT_LIKE,REGEX', '设备型号', 1, '2019-11-22 16:25:38', '2019-11-22 16:25:38');
INSERT INTO `welab_skyeye`.`tag`(`id`, `short_name`, `name`, `owner_id`, `is_id_mapped`, `is_visible`, `is_encrypted`, `is_related`, `data_type`, `source_data_type`, `aggregator`, `operator`, `description`, `seq_num`, `gmt_create`, `gmt_modified`) VALUES (4652, 'na', 'nation', 115, 1, 1, 0, 0, 3, 3, 'COUNT', 'EQUAL,NOT_EQUAL,CONTAIN,NOT_CONTAIN,NULL,NOT_NULL,EMPTY,NOT_EMPTY,LIKE,NOT_LIKE,REGEX', '国家', 1, '2019-11-22 16:25:38', '2019-11-22 16:25:38');
INSERT INTO `welab_skyeye`.`tag`(`id`, `short_name`, `name`, `owner_id`, `is_id_mapped`, `is_visible`, `is_encrypted`, `is_related`, `data_type`, `source_data_type`, `aggregator`, `operator`, `description`, `seq_num`, `gmt_create`, `gmt_modified`) VALUES (4645, 'nt', 'network_type', 115, 1, 1, 0, 0, 3, 3, 'COUNT', 'EQUAL,NOT_EQUAL,CONTAIN,NOT_CONTAIN,NULL,NOT_NULL,EMPTY,NOT_EMPTY,LIKE,NOT_LIKE,REGEX', '网络类型', 1, '2019-11-22 16:25:38', '2019-11-22 16:25:38');
INSERT INTO `welab_skyeye`.`tag`(`id`, `short_name`, `name`, `owner_id`, `is_id_mapped`, `is_visible`, `is_encrypted`, `is_related`, `data_type`, `source_data_type`, `aggregator`, `operator`, `description`, `seq_num`, `gmt_create`, `gmt_modified`) VALUES (4729, 'oc', 'ocr_cnid', 115, 0, 1, 0, 0, 3, 3, 'COUNT', 'EQUAL,NOT_EQUAL,CONTAIN,NOT_CONTAIN,NULL,NOT_NULL,EMPTY,NOT_EMPTY,LIKE,NOT_LIKE,REGEX', 'OCR识别身份证号', 1, '2019-11-22 16:25:38', '2019-11-22 16:25:38');
INSERT INTO `welab_skyeye`.`tag`(`id`, `short_name`, `name`, `owner_id`, `is_id_mapped`, `is_visible`, `is_encrypted`, `is_related`, `data_type`, `source_data_type`, `aggregator`, `operator`, `description`, `seq_num`, `gmt_create`, `gmt_modified`) VALUES (4728, 'on', 'ocr_name', 115, 0, 1, 0, 0, 3, 3, 'COUNT', 'EQUAL,NOT_EQUAL,CONTAIN,NOT_CONTAIN,NULL,NOT_NULL,EMPTY,NOT_EMPTY,LIKE,NOT_LIKE,REGEX', 'OCR识别姓名', 1, '2019-11-22 16:25:38', '2019-11-22 16:25:38');
INSERT INTO `welab_skyeye`.`tag`(`id`, `short_name`, `name`, `owner_id`, `is_id_mapped`, `is_visible`, `is_encrypted`, `is_related`, `data_type`, `source_data_type`, `aggregator`, `operator`, `description`, `seq_num`, `gmt_create`, `gmt_modified`) VALUES (4710, 'oa', 'operator_auth', 115, 1, 1, 0, 0, 1, 1, 'SUM,COUNT,COUNT_DISTINCT,AVG,MAX,MIN', 'EQUAL,NOT_EQUAL,BETWEEN,GREATER,LESS,CONTAIN,NOT_CONTAIN,NULL,NOT_NULL,GREATER_EQUAL,LESS_EQUAL', '是否完成运营商授权	', 1, '2019-11-22 16:25:38', '2019-11-22 16:25:38');
INSERT INTO `welab_skyeye`.`tag`(`id`, `short_name`, `name`, `owner_id`, `is_id_mapped`, `is_visible`, `is_encrypted`, `is_related`, `data_type`, `source_data_type`, `aggregator`, `operator`, `description`, `seq_num`, `gmt_create`, `gmt_modified`) VALUES (4633, 'os', 'os_name', 115, 1, 1, 0, 0, 3, 3, 'COUNT', 'EQUAL,NOT_EQUAL,CONTAIN,NOT_CONTAIN,NULL,NOT_NULL,EMPTY,NOT_EMPTY,LIKE,NOT_LIKE,REGEX', '操作系统名称', 1, '2019-11-22 16:25:38', '2019-11-22 16:25:38');
INSERT INTO `welab_skyeye`.`tag`(`id`, `short_name`, `name`, `owner_id`, `is_id_mapped`, `is_visible`, `is_encrypted`, `is_related`, `data_type`, `source_data_type`, `aggregator`, `operator`, `description`, `seq_num`, `gmt_create`, `gmt_modified`) VALUES (4634, 'ov', 'os_version', 115, 1, 1, 0, 0, 3, 3, 'COUNT', 'EQUAL,NOT_EQUAL,CONTAIN,NOT_CONTAIN,NULL,NOT_NULL,EMPTY,NOT_EMPTY,LIKE,NOT_LIKE,REGEX', '操作系统版本', 1, '2019-11-22 16:25:38', '2019-11-22 16:25:38');
INSERT INTO `welab_skyeye`.`tag`(`id`, `short_name`, `name`, `owner_id`, `is_id_mapped`, `is_visible`, `is_encrypted`, `is_related`, `data_type`, `source_data_type`, `aggregator`, `operator`, `description`, `seq_num`, `gmt_create`, `gmt_modified`) VALUES (4635, 'ovb', 'os_version_build', 115, 1, 1, 0, 0, 3, 3, 'COUNT', 'EQUAL,NOT_EQUAL,CONTAIN,NOT_CONTAIN,NULL,NOT_NULL,EMPTY,NOT_EMPTY,LIKE,NOT_LIKE,REGEX', '操作系统内核版本', 1, '2019-11-22 16:25:38', '2019-11-22 16:25:38');
INSERT INTO `welab_skyeye`.`tag`(`id`, `short_name`, `name`, `owner_id`, `is_id_mapped`, `is_visible`, `is_encrypted`, `is_related`, `data_type`, `source_data_type`, `aggregator`, `operator`, `description`, `seq_num`, `gmt_create`, `gmt_modified`) VALUES (4736, 'pay_code', 'pay_code', 115, 1, 1, 0, 0, 3, 3, 'COUNT', 'EQUAL,NOT_EQUAL,CONTAIN,NOT_CONTAIN,NULL,NOT_NULL,EMPTY,NOT_EMPTY,LIKE,NOT_LIKE,REGEX', '资金方code', 1, '2019-11-22 16:25:38', '2019-11-22 16:25:38');
INSERT INTO `welab_skyeye`.`tag`(`id`, `short_name`, `name`, `owner_id`, `is_id_mapped`, `is_visible`, `is_encrypted`, `is_related`, `data_type`, `source_data_type`, `aggregator`, `operator`, `description`, `seq_num`, `gmt_create`, `gmt_modified`) VALUES (4714, 'period', 'period', 115, 1, 1, 0, 0, 3, 3, 'COUNT', 'EQUAL,NOT_EQUAL,CONTAIN,NOT_CONTAIN,NULL,NOT_NULL,EMPTY,NOT_EMPTY,LIKE,NOT_LIKE,REGEX', '申请期数', 1, '2019-11-22 16:25:38', '2019-11-22 16:25:38');
INSERT INTO `welab_skyeye`.`tag`(`id`, `short_name`, `name`, `owner_id`, `is_id_mapped`, `is_visible`, `is_encrypted`, `is_related`, `data_type`, `source_data_type`, `aggregator`, `operator`, `description`, `seq_num`, `gmt_create`, `gmt_modified`) VALUES (4740, 'pk_id_', 'pk_id_', 115, 0, 1, 0, 0, 5, 5, 'SUM,COUNT,AVG,MAX,MIN', 'EQUAL,NOT_EQUAL,BETWEEN,GREATER,LESS,CONTAIN,NOT_CONTAIN,NULL,NOT_NULL,GREATER_EQUAL,LESS_EQUAL', '主键', 1, '2019-11-22 16:25:38', '2019-11-22 16:25:38');
INSERT INTO `welab_skyeye`.`tag`(`id`, `short_name`, `name`, `owner_id`, `is_id_mapped`, `is_visible`, `is_encrypted`, `is_related`, `data_type`, `source_data_type`, `aggregator`, `operator`, `description`, `seq_num`, `gmt_create`, `gmt_modified`) VALUES (4711, 'process', 'process', 115, 1, 1, 0, 0, 3, 3, 'COUNT', 'EQUAL,NOT_EQUAL,CONTAIN,NOT_CONTAIN,NULL,NOT_NULL,EMPTY,NOT_EMPTY,LIKE,NOT_LIKE,REGEX', '放款状态', 1, '2019-11-22 16:25:38', '2019-11-22 16:25:38');
INSERT INTO `welab_skyeye`.`tag`(`id`, `short_name`, `name`, `owner_id`, `is_id_mapped`, `is_visible`, `is_encrypted`, `is_related`, `data_type`, `source_data_type`, `aggregator`, `operator`, `description`, `seq_num`, `gmt_create`, `gmt_modified`) VALUES (4653, 'pro', 'province', 115, 1, 1, 0, 0, 3, 3, 'COUNT', 'EQUAL,NOT_EQUAL,CONTAIN,NOT_CONTAIN,NULL,NOT_NULL,EMPTY,NOT_EMPTY,LIKE,NOT_LIKE,REGEX', '省份', 1, '2019-11-22 16:25:38', '2019-11-22 16:25:38');
INSERT INTO `welab_skyeye`.`tag`(`id`, `short_name`, `name`, `owner_id`, `is_id_mapped`, `is_visible`, `is_encrypted`, `is_related`, `data_type`, `source_data_type`, `aggregator`, `operator`, `description`, `seq_num`, `gmt_create`, `gmt_modified`) VALUES (4681, 'rt', 'ready_time', 115, 0, 1, 0, 0, 1, 1, 'SUM,COUNT,COUNT_DISTINCT,AVG,MAX,MIN', 'EQUAL,NOT_EQUAL,BETWEEN,GREATER,LESS,CONTAIN,NOT_CONTAIN,NULL,NOT_NULL,GREATER_EQUAL,LESS_EQUAL', 'HTML加载完成时间', 1, '2019-11-22 16:25:38', '2019-11-22 16:25:38');
INSERT INTO `welab_skyeye`.`tag`(`id`, `short_name`, `name`, `owner_id`, `is_id_mapped`, `is_visible`, `is_encrypted`, `is_related`, `data_type`, `source_data_type`, `aggregator`, `operator`, `description`, `seq_num`, `gmt_create`, `gmt_modified`) VALUES (4650, 'r', 'referrer', 115, 1, 1, 0, 0, 3, 3, 'COUNT', 'EQUAL,NOT_EQUAL,CONTAIN,NOT_CONTAIN,NULL,NOT_NULL,EMPTY,NOT_EMPTY,LIKE,NOT_LIKE,REGEX', '前向地址', 1, '2019-11-22 16:25:38', '2019-11-22 16:25:38');
INSERT INTO `welab_skyeye`.`tag`(`id`, `short_name`, `name`, `owner_id`, `is_id_mapped`, `is_visible`, `is_encrypted`, `is_related`, `data_type`, `source_data_type`, `aggregator`, `operator`, `description`, `seq_num`, `gmt_create`, `gmt_modified`) VALUES (4651, 'rh', 'referrer_host', 115, 1, 1, 0, 0, 3, 3, 'COUNT', 'EQUAL,NOT_EQUAL,CONTAIN,NOT_CONTAIN,NULL,NOT_NULL,EMPTY,NOT_EMPTY,LIKE,NOT_LIKE,REGEX', '前向地址Host', 1, '2019-11-22 16:25:38', '2019-11-22 16:25:38');
INSERT INTO `welab_skyeye`.`tag`(`id`, `short_name`, `name`, `owner_id`, `is_id_mapped`, `is_visible`, `is_encrypted`, `is_related`, `data_type`, `source_data_type`, `aggregator`, `operator`, `description`, `seq_num`, `gmt_create`, `gmt_modified`) VALUES (4718, 'register_channel_code', 'register_channel_code', 115, 1, 1, 0, 0, 3, 3, 'COUNT', 'EQUAL,NOT_EQUAL,CONTAIN,NOT_CONTAIN,NULL,NOT_NULL,EMPTY,NOT_EMPTY,LIKE,NOT_LIKE,REGEX', '注册渠道', 1, '2019-11-22 16:25:38', '2019-11-22 16:25:38');
INSERT INTO `welab_skyeye`.`tag`(`id`, `short_name`, `name`, `owner_id`, `is_id_mapped`, `is_visible`, `is_encrypted`, `is_related`, `data_type`, `source_data_type`, `aggregator`, `operator`, `description`, `seq_num`, `gmt_create`, `gmt_modified`) VALUES (4716, 'rs', 'relationship', 115, 1, 1, 0, 0, 3, 3, 'COUNT', 'EQUAL,NOT_EQUAL,CONTAIN,NOT_CONTAIN,NULL,NOT_NULL,EMPTY,NOT_EMPTY,LIKE,NOT_LIKE,REGEX', '紧急联系人关系', 1, '2019-11-22 16:25:38', '2019-11-22 16:25:38');
INSERT INTO `welab_skyeye`.`tag`(`id`, `short_name`, `name`, `owner_id`, `is_id_mapped`, `is_visible`, `is_encrypted`, `is_related`, `data_type`, `source_data_type`, `aggregator`, `operator`, `description`, `seq_num`, `gmt_create`, `gmt_modified`) VALUES (4677, 'res', 'res_time', 115, 0, 1, 0, 0, 1, 1, 'SUM,COUNT,COUNT_DISTINCT,AVG,MAX,MIN', 'EQUAL,NOT_EQUAL,BETWEEN,GREATER,LESS,CONTAIN,NOT_CONTAIN,NULL,NOT_NULL,GREATER_EQUAL,LESS_EQUAL', '资源加载耗时', 1, '2019-11-22 16:25:38', '2019-11-22 16:25:38');
INSERT INTO `welab_skyeye`.`tag`(`id`, `short_name`, `name`, `owner_id`, `is_id_mapped`, `is_visible`, `is_encrypted`, `is_related`, `data_type`, `source_data_type`, `aggregator`, `operator`, `description`, `seq_num`, `gmt_create`, `gmt_modified`) VALUES (4629, 'sh', 'screen_height', 115, 0, 1, 0, 0, 1, 1, 'SUM,COUNT,COUNT_DISTINCT,AVG,MAX,MIN', 'EQUAL,NOT_EQUAL,BETWEEN,GREATER,LESS,CONTAIN,NOT_CONTAIN,NULL,NOT_NULL,GREATER_EQUAL,LESS_EQUAL', '屏幕高度', 1, '2019-11-22 16:25:38', '2019-11-22 16:25:38');
INSERT INTO `welab_skyeye`.`tag`(`id`, `short_name`, `name`, `owner_id`, `is_id_mapped`, `is_visible`, `is_encrypted`, `is_related`, `data_type`, `source_data_type`, `aggregator`, `operator`, `description`, `seq_num`, `gmt_create`, `gmt_modified`) VALUES (4628, 'sw', 'screen_width', 115, 0, 1, 0, 0, 1, 1, 'SUM,COUNT,COUNT_DISTINCT,AVG,MAX,MIN', 'EQUAL,NOT_EQUAL,BETWEEN,GREATER,LESS,CONTAIN,NOT_CONTAIN,NULL,NOT_NULL,GREATER_EQUAL,LESS_EQUAL', '屏幕宽度', 1, '2019-11-22 16:25:38', '2019-11-22 16:25:38');
INSERT INTO `welab_skyeye`.`tag`(`id`, `short_name`, `name`, `owner_id`, `is_id_mapped`, `is_visible`, `is_encrypted`, `is_related`, `data_type`, `source_data_type`, `aggregator`, `operator`, `description`, `seq_num`, `gmt_create`, `gmt_modified`) VALUES (4799, 'spno', 'shop_no', 115, 0, 0, 0, 0, 3, 3, 'COUNT', 'EQUAL,NOT_EQUAL,CONTAIN,NOT_CONTAIN,NULL,NOT_NULL,EMPTY,NOT_EMPTY,LIKE,NOT_LIKE,REGEX', '会员名', 4798, '2019-12-16 17:35:54', '2019-12-16 17:35:54');
INSERT INTO `welab_skyeye`.`tag`(`id`, `short_name`, `name`, `owner_id`, `is_id_mapped`, `is_visible`, `is_encrypted`, `is_related`, `data_type`, `source_data_type`, `aggregator`, `operator`, `description`, `seq_num`, `gmt_create`, `gmt_modified`) VALUES (4800, 'spurl', 'shop_url', 115, 0, 0, 0, 0, 3, 3, 'COUNT', 'EQUAL,NOT_EQUAL,CONTAIN,NOT_CONTAIN,NULL,NOT_NULL,EMPTY,NOT_EMPTY,LIKE,NOT_LIKE,REGEX', '店铺链接', 4799, '2019-12-16 17:35:54', '2019-12-16 17:35:54');
INSERT INTO `welab_skyeye`.`tag`(`id`, `short_name`, `name`, `owner_id`, `is_id_mapped`, `is_visible`, `is_encrypted`, `is_related`, `data_type`, `source_data_type`, `aggregator`, `operator`, `description`, `seq_num`, `gmt_create`, `gmt_modified`) VALUES (4734, 'subapply_audit_time', 'subapply_audit_time', 115, 0, 1, 0, 0, 4, 4, 'COUNT,MAX,MIN', 'EQUAL,NOT_EQUAL,BETWEEN,GREATER,LESS,CONTAIN,NOT_CONTAIN,NULL,NOT_NULL,GREATER_EQUAL,LESS_EQUAL', '进件审核时间', 1, '2019-11-22 16:25:38', '2019-11-22 16:25:38');
INSERT INTO `welab_skyeye`.`tag`(`id`, `short_name`, `name`, `owner_id`, `is_id_mapped`, `is_visible`, `is_encrypted`, `is_related`, `data_type`, `source_data_type`, `aggregator`, `operator`, `description`, `seq_num`, `gmt_create`, `gmt_modified`) VALUES (4719, 'subapply_channel_code', 'subapply_channel_code', 115, 1, 1, 0, 0, 3, 3, 'COUNT', 'EQUAL,NOT_EQUAL,CONTAIN,NOT_CONTAIN,NULL,NOT_NULL,EMPTY,NOT_EMPTY,LIKE,NOT_LIKE,REGEX', '进件渠道', 1, '2019-11-22 16:25:38', '2019-11-22 16:25:38');
INSERT INTO `welab_skyeye`.`tag`(`id`, `short_name`, `name`, `owner_id`, `is_id_mapped`, `is_visible`, `is_encrypted`, `is_related`, `data_type`, `source_data_type`, `aggregator`, `operator`, `description`, `seq_num`, `gmt_create`, `gmt_modified`) VALUES (4737, 'subapply_product_code', 'subapply_product_code', 115, 1, 1, 0, 0, 3, 3, 'COUNT', 'EQUAL,NOT_EQUAL,CONTAIN,NOT_CONTAIN,NULL,NOT_NULL,EMPTY,NOT_EMPTY,LIKE,NOT_LIKE,REGEX', '进件产品号', 1, '2019-11-22 16:25:38', '2019-11-22 16:25:38');
INSERT INTO `welab_skyeye`.`tag`(`id`, `short_name`, `name`, `owner_id`, `is_id_mapped`, `is_visible`, `is_encrypted`, `is_related`, `data_type`, `source_data_type`, `aggregator`, `operator`, `description`, `seq_num`, `gmt_create`, `gmt_modified`) VALUES (4674, 'tcp', 'tcp_time', 115, 0, 1, 0, 0, 1, 1, 'SUM,COUNT,COUNT_DISTINCT,AVG,MAX,MIN', 'EQUAL,NOT_EQUAL,BETWEEN,GREATER,LESS,CONTAIN,NOT_CONTAIN,NULL,NOT_NULL,GREATER_EQUAL,LESS_EQUAL', 'TCP连接耗时', 1, '2019-11-22 16:25:38', '2019-11-22 16:25:38');
INSERT INTO `welab_skyeye`.`tag`(`id`, `short_name`, `name`, `owner_id`, `is_id_mapped`, `is_visible`, `is_encrypted`, `is_related`, `data_type`, `source_data_type`, `aggregator`, `operator`, `description`, `seq_num`, `gmt_create`, `gmt_modified`) VALUES (4709, 'tnr', 'tenor', 115, 1, 1, 0, 0, 3, 3, 'COUNT', 'EQUAL,NOT_EQUAL,CONTAIN,NOT_CONTAIN,NULL,NOT_NULL,EMPTY,NOT_EMPTY,LIKE,NOT_LIKE,REGEX', '期限', 1, '2019-11-22 16:25:38', '2019-11-22 16:25:38');
INSERT INTO `welab_skyeye`.`tag`(`id`, `short_name`, `name`, `owner_id`, `is_id_mapped`, `is_visible`, `is_encrypted`, `is_related`, `data_type`, `source_data_type`, `aggregator`, `operator`, `description`, `seq_num`, `gmt_create`, `gmt_modified`) VALUES (4646, 'pt', 'title', 115, 1, 1, 0, 0, 3, 3, 'COUNT', 'EQUAL,NOT_EQUAL,CONTAIN,NOT_CONTAIN,NULL,NOT_NULL,EMPTY,NOT_EMPTY,LIKE,NOT_LIKE,REGEX', '页面标题', 1, '2019-11-22 16:25:38', '2019-11-22 16:25:38');
INSERT INTO `welab_skyeye`.`tag`(`id`, `short_name`, `name`, `owner_id`, `is_id_mapped`, `is_visible`, `is_encrypted`, `is_related`, `data_type`, `source_data_type`, `aggregator`, `operator`, `description`, `seq_num`, `gmt_create`, `gmt_modified`) VALUES (4675, 'ttfb', 'ttfb_time', 115, 0, 1, 0, 0, 1, 1, 'SUM,COUNT,COUNT_DISTINCT,AVG,MAX,MIN', 'EQUAL,NOT_EQUAL,BETWEEN,GREATER,LESS,CONTAIN,NOT_CONTAIN,NULL,NOT_NULL,GREATER_EQUAL,LESS_EQUAL', '网络请求耗时', 1, '2019-11-22 16:25:38', '2019-11-22 16:25:38');
INSERT INTO `welab_skyeye`.`tag`(`id`, `short_name`, `name`, `owner_id`, `is_id_mapped`, `is_visible`, `is_encrypted`, `is_related`, `data_type`, `source_data_type`, `aggregator`, `operator`, `description`, `seq_num`, `gmt_create`, `gmt_modified`) VALUES (4680, 'tti', 'tti_time', 115, 0, 1, 0, 0, 1, 1, 'SUM,COUNT,COUNT_DISTINCT,AVG,MAX,MIN', 'EQUAL,NOT_EQUAL,BETWEEN,GREATER,LESS,CONTAIN,NOT_CONTAIN,NULL,NOT_NULL,GREATER_EQUAL,LESS_EQUAL', '首次可交互时间', 1, '2019-11-22 16:25:38', '2019-11-22 16:25:38');
INSERT INTO `welab_skyeye`.`tag`(`id`, `short_name`, `name`, `owner_id`, `is_id_mapped`, `is_visible`, `is_encrypted`, `is_related`, `data_type`, `source_data_type`, `aggregator`, `operator`, `description`, `seq_num`, `gmt_create`, `gmt_modified`) VALUES (4749, 'update_date_time', 'update_date_time', 115, 0, 0, 0, 0, 3, 3, 'COUNT', 'EQUAL,NOT_EQUAL,CONTAIN,NOT_CONTAIN,NULL,NOT_NULL,EMPTY,NOT_EMPTY,LIKE,NOT_LIKE,REGEX', '修改时间', 1, '2019-11-22 16:25:38', '2019-11-22 16:25:38');
INSERT INTO `welab_skyeye`.`tag`(`id`, `short_name`, `name`, `owner_id`, `is_id_mapped`, `is_visible`, `is_encrypted`, `is_related`, `data_type`, `source_data_type`, `aggregator`, `operator`, `description`, `seq_num`, `gmt_create`, `gmt_modified`) VALUES (4647, 'u', 'url', 115, 1, 1, 0, 0, 3, 3, 'COUNT', 'EQUAL,NOT_EQUAL,CONTAIN,NOT_CONTAIN,NULL,NOT_NULL,EMPTY,NOT_EMPTY,LIKE,NOT_LIKE,REGEX', '页面地址', 1, '2019-11-22 16:25:38', '2019-11-22 16:25:38');
INSERT INTO `welab_skyeye`.`tag`(`id`, `short_name`, `name`, `owner_id`, `is_id_mapped`, `is_visible`, `is_encrypted`, `is_related`, `data_type`, `source_data_type`, `aggregator`, `operator`, `description`, `seq_num`, `gmt_create`, `gmt_modified`) VALUES (4649, 'ud', 'url_domain', 115, 1, 1, 0, 0, 3, 3, 'COUNT', 'EQUAL,NOT_EQUAL,CONTAIN,NOT_CONTAIN,NULL,NOT_NULL,EMPTY,NOT_EMPTY,LIKE,NOT_LIKE,REGEX', '页面Domain', 1, '2019-11-22 16:25:38', '2019-11-22 16:25:38');
INSERT INTO `welab_skyeye`.`tag`(`id`, `short_name`, `name`, `owner_id`, `is_id_mapped`, `is_visible`, `is_encrypted`, `is_related`, `data_type`, `source_data_type`, `aggregator`, `operator`, `description`, `seq_num`, `gmt_create`, `gmt_modified`) VALUES (4648, 'uh', 'url_host', 115, 1, 1, 0, 0, 3, 3, 'COUNT', 'EQUAL,NOT_EQUAL,CONTAIN,NOT_CONTAIN,NULL,NOT_NULL,EMPTY,NOT_EMPTY,LIKE,NOT_LIKE,REGEX', '页面Host', 1, '2019-11-22 16:25:38', '2019-11-22 16:25:38');
INSERT INTO `welab_skyeye`.`tag`(`id`, `short_name`, `name`, `owner_id`, `is_id_mapped`, `is_visible`, `is_encrypted`, `is_related`, `data_type`, `source_data_type`, `aggregator`, `operator`, `description`, `seq_num`, `gmt_create`, `gmt_modified`) VALUES (4738, 'user_level', 'user_level', 115, 1, 1, 0, 0, 3, 3, 'COUNT', 'EQUAL,NOT_EQUAL,CONTAIN,NOT_CONTAIN,NULL,NOT_NULL,EMPTY,NOT_EMPTY,LIKE,NOT_LIKE,REGEX', '用户等级', 1, '2019-11-22 16:25:38', '2019-11-22 16:25:38');
INSERT INTO `welab_skyeye`.`tag`(`id`, `short_name`, `name`, `owner_id`, `is_id_mapped`, `is_visible`, `is_encrypted`, `is_related`, `data_type`, `source_data_type`, `aggregator`, `operator`, `description`, `seq_num`, `gmt_create`, `gmt_modified`) VALUES (4732, 'user_type', 'user_type', 115, 1, 1, 0, 0, 1, 1, 'SUM,COUNT,COUNT_DISTINCT,AVG,MAX,MIN', 'EQUAL,NOT_EQUAL,BETWEEN,GREATER,LESS,CONTAIN,NOT_CONTAIN,NULL,NOT_NULL,GREATER_EQUAL,LESS_EQUAL', '用户类型', 1, '2019-11-22 16:25:38', '2019-11-22 16:25:38');
INSERT INTO `welab_skyeye`.`tag`(`id`, `short_name`, `name`, `owner_id`, `is_id_mapped`, `is_visible`, `is_encrypted`, `is_related`, `data_type`, `source_data_type`, `aggregator`, `operator`, `description`, `seq_num`, `gmt_create`, `gmt_modified`) VALUES (4687, 'utmc', 'utm_campaign', 115, 1, 1, 0, 0, 3, 3, 'COUNT', 'EQUAL,NOT_EQUAL,CONTAIN,NOT_CONTAIN,NULL,NOT_NULL,EMPTY,NOT_EMPTY,LIKE,NOT_LIKE,REGEX', '广告系列名称', 1, '2019-11-22 16:25:38', '2019-11-22 16:25:38');
INSERT INTO `welab_skyeye`.`tag`(`id`, `short_name`, `name`, `owner_id`, `is_id_mapped`, `is_visible`, `is_encrypted`, `is_related`, `data_type`, `source_data_type`, `aggregator`, `operator`, `description`, `seq_num`, `gmt_create`, `gmt_modified`) VALUES (4686, 'utmo', 'utm_content', 115, 1, 1, 0, 0, 3, 3, 'COUNT', 'EQUAL,NOT_EQUAL,CONTAIN,NOT_CONTAIN,NULL,NOT_NULL,EMPTY,NOT_EMPTY,LIKE,NOT_LIKE,REGEX', '广告系列内容', 1, '2019-11-22 16:25:38', '2019-11-22 16:25:38');
INSERT INTO `welab_skyeye`.`tag`(`id`, `short_name`, `name`, `owner_id`, `is_id_mapped`, `is_visible`, `is_encrypted`, `is_related`, `data_type`, `source_data_type`, `aggregator`, `operator`, `description`, `seq_num`, `gmt_create`, `gmt_modified`) VALUES (4684, 'utmm', 'utm_medium', 115, 1, 1, 0, 0, 3, 3, 'COUNT', 'EQUAL,NOT_EQUAL,CONTAIN,NOT_CONTAIN,NULL,NOT_NULL,EMPTY,NOT_EMPTY,LIKE,NOT_LIKE,REGEX', '广告系列媒介', 1, '2019-11-22 16:25:38', '2019-11-22 16:25:38');
INSERT INTO `welab_skyeye`.`tag`(`id`, `short_name`, `name`, `owner_id`, `is_id_mapped`, `is_visible`, `is_encrypted`, `is_related`, `data_type`, `source_data_type`, `aggregator`, `operator`, `description`, `seq_num`, `gmt_create`, `gmt_modified`) VALUES (4683, 'utms', 'utm_source', 115, 1, 1, 0, 0, 3, 3, 'COUNT', 'EQUAL,NOT_EQUAL,CONTAIN,NOT_CONTAIN,NULL,NOT_NULL,EMPTY,NOT_EMPTY,LIKE,NOT_LIKE,REGEX', '广告系列来源', 1, '2019-11-22 16:25:38', '2019-11-22 16:25:38');
INSERT INTO `welab_skyeye`.`tag`(`id`, `short_name`, `name`, `owner_id`, `is_id_mapped`, `is_visible`, `is_encrypted`, `is_related`, `data_type`, `source_data_type`, `aggregator`, `operator`, `description`, `seq_num`, `gmt_create`, `gmt_modified`) VALUES (4685, 'utmt', 'utm_term', 115, 1, 1, 0, 0, 3, 3, 'COUNT', 'EQUAL,NOT_EQUAL,CONTAIN,NOT_CONTAIN,NULL,NOT_NULL,EMPTY,NOT_EMPTY,LIKE,NOT_LIKE,REGEX', '广告系列字词', 1, '2019-11-22 16:25:38', '2019-11-22 16:25:38');
INSERT INTO `welab_skyeye`.`tag`(`id`, `short_name`, `name`, `owner_id`, `is_id_mapped`, `is_visible`, `is_encrypted`, `is_related`, `data_type`, `source_data_type`, `aggregator`, `operator`, `description`, `seq_num`, `gmt_create`, `gmt_modified`) VALUES (4725, 'vr', 'validation_result', 115, 1, 1, 0, 0, 1, 1, 'SUM,COUNT,COUNT_DISTINCT,AVG,MAX,MIN', 'EQUAL,NOT_EQUAL,BETWEEN,GREATER,LESS,CONTAIN,NOT_CONTAIN,NULL,NOT_NULL,GREATER_EQUAL,LESS_EQUAL', '正则验证结果', 1, '2019-11-22 16:25:38', '2019-11-22 16:25:38');
INSERT INTO `welab_skyeye`.`tag`(`id`, `short_name`, `name`, `owner_id`, `is_id_mapped`, `is_visible`, `is_encrypted`, `is_related`, `data_type`, `source_data_type`, `aggregator`, `operator`, `description`, `seq_num`, `gmt_create`, `gmt_modified`) VALUES (4670, 'vh', 'viewport_height', 115, 0, 1, 0, 0, 1, 1, 'SUM,COUNT,COUNT_DISTINCT,AVG,MAX,MIN', 'EQUAL,NOT_EQUAL,BETWEEN,GREATER,LESS,CONTAIN,NOT_CONTAIN,NULL,NOT_NULL,GREATER_EQUAL,LESS_EQUAL', '视区高度', 1, '2019-11-22 16:25:38', '2019-11-22 16:25:38');
INSERT INTO `welab_skyeye`.`tag`(`id`, `short_name`, `name`, `owner_id`, `is_id_mapped`, `is_visible`, `is_encrypted`, `is_related`, `data_type`, `source_data_type`, `aggregator`, `operator`, `description`, `seq_num`, `gmt_create`, `gmt_modified`) VALUES (4671, 'vp', 'viewport_position', 115, 0, 1, 0, 0, 1, 1, 'SUM,COUNT,COUNT_DISTINCT,AVG,MAX,MIN', 'EQUAL,NOT_EQUAL,BETWEEN,GREATER,LESS,CONTAIN,NOT_CONTAIN,NULL,NOT_NULL,GREATER_EQUAL,LESS_EQUAL', '视区距顶部的位置', 1, '2019-11-22 16:25:38', '2019-11-22 16:25:38');
INSERT INTO `welab_skyeye`.`tag`(`id`, `short_name`, `name`, `owner_id`, `is_id_mapped`, `is_visible`, `is_encrypted`, `is_related`, `data_type`, `source_data_type`, `aggregator`, `operator`, `description`, `seq_num`, `gmt_create`, `gmt_modified`) VALUES (4669, 'vw', 'viewport_width', 115, 0, 1, 0, 0, 1, 1, 'SUM,COUNT,COUNT_DISTINCT,AVG,MAX,MIN', 'EQUAL,NOT_EQUAL,BETWEEN,GREATER,LESS,CONTAIN,NOT_CONTAIN,NULL,NOT_NULL,GREATER_EQUAL,LESS_EQUAL', '视区宽度', 1, '2019-11-22 16:25:38', '2019-11-22 16:25:38');
INSERT INTO `welab_skyeye`.`tag`(`id`, `short_name`, `name`, `owner_id`, `is_id_mapped`, `is_visible`, `is_encrypted`, `is_related`, `data_type`, `source_data_type`, `aggregator`, `operator`, `description`, `seq_num`, `gmt_create`, `gmt_modified`) VALUES (4726, 'ws', 'wedefend_score', 115, 0, 1, 0, 0, 1, 1, 'SUM,COUNT,COUNT_DISTINCT,AVG,MAX,MIN', 'EQUAL,NOT_EQUAL,BETWEEN,GREATER,LESS,CONTAIN,NOT_CONTAIN,NULL,NOT_NULL,GREATER_EQUAL,LESS_EQUAL', 'wedefend比对分', 1, '2019-11-22 16:25:38', '2019-11-22 16:25:38');
INSERT INTO `welab_skyeye`.`tag`(`id`, `short_name`, `name`, `owner_id`, `is_id_mapped`, `is_visible`, `is_encrypted`, `is_related`, `data_type`, `source_data_type`, `aggregator`, `operator`, `description`, `seq_num`, `gmt_create`, `gmt_modified`) VALUES (4705, 'wi', 'wifi', 115, 0, 1, 0, 0, 3, 3, 'COUNT', 'EQUAL,NOT_EQUAL,CONTAIN,NOT_CONTAIN,NULL,NOT_NULL,EMPTY,NOT_EMPTY,LIKE,NOT_LIKE,REGEX', 'wifi名称', 1, '2019-11-22 16:25:38', '2019-11-22 16:25:38');
INSERT INTO `welab_skyeye`.`tag`(`id`, `short_name`, `name`, `owner_id`, `is_id_mapped`, `is_visible`, `is_encrypted`, `is_related`, `data_type`, `source_data_type`, `aggregator`, `operator`, `description`, `seq_num`, `gmt_create`, `gmt_modified`) VALUES (4727, 'wm', 'wifi_mac', 115, 0, 1, 0, 0, 3, 3, 'COUNT', 'EQUAL,NOT_EQUAL,CONTAIN,NOT_CONTAIN,NULL,NOT_NULL,EMPTY,NOT_EMPTY,LIKE,NOT_LIKE,REGEX', 'wifi mac地址', 1, '2019-11-22 16:25:38', '2019-11-22 16:25:38');
INSERT INTO `welab_skyeye`.`tag`(`id`, `short_name`, `name`, `owner_id`, `is_id_mapped`, `is_visible`, `is_encrypted`, `is_related`, `data_type`, `source_data_type`, `aggregator`, `operator`, `description`, `seq_num`, `gmt_create`, `gmt_modified`) VALUES (4695, 'x_app_version', 'x_app_version', 115, 1, 1, 0, 0, 3, 3, 'COUNT', 'EQUAL,NOT_EQUAL,CONTAIN,NOT_CONTAIN,NULL,NOT_NULL,EMPTY,NOT_EMPTY,LIKE,NOT_LIKE,REGEX', 'APP版本', 1, '2019-11-22 16:25:38', '2019-11-22 16:25:38');
INSERT INTO `welab_skyeye`.`tag`(`id`, `short_name`, `name`, `owner_id`, `is_id_mapped`, `is_visible`, `is_encrypted`, `is_related`, `data_type`, `source_data_type`, `aggregator`, `operator`, `description`, `seq_num`, `gmt_create`, `gmt_modified`) VALUES (4697, 'application_id', 'x_application_id', 115, 0, 1, 0, 1, 5, 5, 'SUM,COUNT,COUNT_DISTINCT,AVG,MAX,MIN', 'EQUAL,NOT_EQUAL,BETWEEN,GREATER,LESS,CONTAIN,NOT_CONTAIN,NULL,NOT_NULL,GREATER_EQUAL,LESS_EQUAL', '贷款关联ID', 1, '2019-11-22 16:25:38', '2019-11-22 16:25:38');
INSERT INTO `welab_skyeye`.`tag`(`id`, `short_name`, `name`, `owner_id`, `is_id_mapped`, `is_visible`, `is_encrypted`, `is_related`, `data_type`, `source_data_type`, `aggregator`, `operator`, `description`, `seq_num`, `gmt_create`, `gmt_modified`) VALUES (4624, 'xmi', 'x_mark_id', 115, 0, 1, 0, 0, 3, 3, 'COUNT', 'EQUAL,NOT_EQUAL,CONTAIN,NOT_CONTAIN,NULL,NOT_NULL,EMPTY,NOT_EMPTY,LIKE,NOT_LIKE,REGEX', '设备ID', 1, '2019-11-22 16:25:38', '2019-11-22 16:25:38');
INSERT INTO `welab_skyeye`.`tag`(`id`, `short_name`, `name`, `owner_id`, `is_id_mapped`, `is_visible`, `is_encrypted`, `is_related`, `data_type`, `source_data_type`, `aggregator`, `operator`, `description`, `seq_num`, `gmt_create`, `gmt_modified`) VALUES (4694, 'x_origin', 'x_origin', 115, 1, 1, 0, 0, 3, 3, 'COUNT', 'EQUAL,NOT_EQUAL,CONTAIN,NOT_CONTAIN,NULL,NOT_NULL,EMPTY,NOT_EMPTY,LIKE,NOT_LIKE,REGEX', '登录来源', 1, '2019-11-22 16:25:38', '2019-11-22 16:25:38');
INSERT INTO `welab_skyeye`.`tag`(`id`, `short_name`, `name`, `owner_id`, `is_id_mapped`, `is_visible`, `is_encrypted`, `is_related`, `data_type`, `source_data_type`, `aggregator`, `operator`, `description`, `seq_num`, `gmt_create`, `gmt_modified`) VALUES (4692, 'x_partner_code', 'x_partner_code', 115, 1, 1, 0, 0, 3, 3, 'COUNT', 'EQUAL,NOT_EQUAL,CONTAIN,NOT_CONTAIN,NULL,NOT_NULL,EMPTY,NOT_EMPTY,LIKE,NOT_LIKE,REGEX', '流量合作来源', 1, '2019-11-22 16:25:38', '2019-11-22 16:25:38');
INSERT INTO `welab_skyeye`.`tag`(`id`, `short_name`, `name`, `owner_id`, `is_id_mapped`, `is_visible`, `is_encrypted`, `is_related`, `data_type`, `source_data_type`, `aggregator`, `operator`, `description`, `seq_num`, `gmt_create`, `gmt_modified`) VALUES (4690, 'x_product_code', 'x_product_code', 115, 1, 1, 0, 0, 3, 3, 'COUNT', 'EQUAL,NOT_EQUAL,CONTAIN,NOT_CONTAIN,NULL,NOT_NULL,EMPTY,NOT_EMPTY,LIKE,NOT_LIKE,REGEX', '产品编号', 1, '2019-11-22 16:25:38', '2019-11-22 16:25:38');
INSERT INTO `welab_skyeye`.`tag`(`id`, `short_name`, `name`, `owner_id`, `is_id_mapped`, `is_visible`, `is_encrypted`, `is_related`, `data_type`, `source_data_type`, `aggregator`, `operator`, `description`, `seq_num`, `gmt_create`, `gmt_modified`) VALUES (4691, 'x_source_id', 'x_source_id', 115, 1, 1, 0, 0, 3, 3, 'COUNT', 'EQUAL,NOT_EQUAL,CONTAIN,NOT_CONTAIN,NULL,NOT_NULL,EMPTY,NOT_EMPTY,LIKE,NOT_LIKE,REGEX', '平台来源', 1, '2019-11-22 16:25:38', '2019-11-22 16:25:38');
INSERT INTO `welab_skyeye`.`tag`(`id`, `short_name`, `name`, `owner_id`, `is_id_mapped`, `is_visible`, `is_encrypted`, `is_related`, `data_type`, `source_data_type`, `aggregator`, `operator`, `description`, `seq_num`, `gmt_create`, `gmt_modified`) VALUES (4733, 'xt', 'x_timestamp', 115, 0, 1, 0, 0, 1, 1, 'SUM,COUNT,COUNT_DISTINCT,AVG,MAX,MIN', 'EQUAL,NOT_EQUAL,BETWEEN,GREATER,LESS,CONTAIN,NOT_CONTAIN,NULL,NOT_NULL,GREATER_EQUAL,LESS_EQUAL', '前端上报时间', 1, '2019-11-22 16:25:38', '2019-11-22 16:25:38');
INSERT INTO `welab_skyeye`.`tag`(`id`, `short_name`, `name`, `owner_id`, `is_id_mapped`, `is_visible`, `is_encrypted`, `is_related`, `data_type`, `source_data_type`, `aggregator`, `operator`, `description`, `seq_num`, `gmt_create`, `gmt_modified`) VALUES (4693, 'x_user_flag', 'x_user_flag', 115, 1, 1, 0, 0, 3, 3, 'COUNT', 'EQUAL,NOT_EQUAL,CONTAIN,NOT_CONTAIN,NULL,NOT_NULL,EMPTY,NOT_EMPTY,LIKE,NOT_LIKE,REGEX', '用户状态', 1, '2019-11-22 16:25:38', '2019-11-22 16:25:38');
INSERT INTO `welab_skyeye`.`tag`(`id`, `short_name`, `name`, `owner_id`, `is_id_mapped`, `is_visible`, `is_encrypted`, `is_related`, `data_type`, `source_data_type`, `aggregator`, `operator`, `description`, `seq_num`, `gmt_create`, `gmt_modified`) VALUES (4625, 'x_user_id', 'x_user_id', 115, 0, 1, 0, 1, 5, 5, 'SUM,COUNT,COUNT_DISTINCT,AVG,MAX,MIN', 'EQUAL,NOT_EQUAL,BETWEEN,GREATER,LESS,CONTAIN,NOT_CONTAIN,NULL,NOT_NULL,GREATER_EQUAL,LESS_EQUAL', '用户ID', 1, '2019-11-22 16:25:38', '2019-11-22 16:25:38');
INSERT INTO `welab_skyeye`.`tag`(`id`, `short_name`, `name`, `owner_id`, `is_id_mapped`, `is_visible`, `is_encrypted`, `is_related`, `data_type`, `source_data_type`, `aggregator`, `operator`, `description`, `seq_num`, `gmt_create`, `gmt_modified`) VALUES (4689, 'x_user_identity', 'x_user_identity', 115, 1, 1, 0, 0, 3, 3, 'COUNT', 'EQUAL,NOT_EQUAL,CONTAIN,NOT_CONTAIN,NULL,NOT_NULL,EMPTY,NOT_EMPTY,LIKE,NOT_LIKE,REGEX', '用户类型', 1, '2019-11-22 16:25:38', '2019-11-22 16:25:38');
INSERT INTO `welab_skyeye`.`tag`(`id`, `short_name`, `name`, `owner_id`, `is_id_mapped`, `is_visible`, `is_encrypted`, `is_related`, `data_type`, `source_data_type`, `aggregator`, `operator`, `description`, `seq_num`, `gmt_create`, `gmt_modified`) VALUES (4688, 'x_user_mobile', 'x_user_mobile', 115, 0, 1, 0, 0, 3, 3, 'COUNT', 'EQUAL,NOT_EQUAL,CONTAIN,NOT_CONTAIN,NULL,NOT_NULL,EMPTY,NOT_EMPTY,LIKE,NOT_LIKE,REGEX', '用户手机号', 1, '2019-11-22 16:25:38', '2019-11-22 16:25:38');

INSERT INTO `welab_skyeye`.`tag`(`id`, `short_name`, `name`, `owner_id`, `is_id_mapped`, `is_visible`, `is_encrypted`, `is_related`, `data_type`, `source_data_type`, `aggregator`, `operator`, `description`, `seq_num`, `gmt_create`, `gmt_modified`) VALUES (2505, 'agent', 'agent', 61, 1, 1, 0, 0, 9, 9, 'SUM,COUNT,COUNT_DISTINCT,AVG,MAX,MIN', 'EQUAL,NOT_EQUAL,GREATER,LESS,BETWEEN,CONTAIN,NOT_CONTAIN,NULL,NOT_NULL,GREATER_EQUAL,LESS_EQUAL', '是否代理', 1, '2019-08-19 18:14:21', '2019-08-19 18:14:21');
INSERT INTO `welab_skyeye`.`tag`(`id`, `short_name`, `name`, `owner_id`, `is_id_mapped`, `is_visible`, `is_encrypted`, `is_related`, `data_type`, `source_data_type`, `aggregator`, `operator`, `description`, `seq_num`, `gmt_create`, `gmt_modified`) VALUES (2495, 'authentication_token', 'authentication_token', 61, 0, 1, 0, 0, 3, 3, 'COUNT', 'EQUAL,NOT_EQUAL,CONTAIN,NOT_CONTAIN,NULL,NOT_NULL,EMPTY,NOT_EMPTY,LIKE,NOT_LIKE,REGEX', '认证token', 1, '2019-08-19 18:14:21', '2019-08-19 18:14:21');
INSERT INTO `welab_skyeye`.`tag`(`id`, `short_name`, `name`, `owner_id`, `is_id_mapped`, `is_visible`, `is_encrypted`, `is_related`, `data_type`, `source_data_type`, `aggregator`, `operator`, `description`, `seq_num`, `gmt_create`, `gmt_modified`) VALUES (2552, 'birth_date', 'birth_date', 61, 0, 1, 0, 0, 1, 1, 'SUM,COUNT,COUNT_DISTINCT,AVG,MAX,MIN', 'EQUAL,NOT_EQUAL,GREATER,LESS,BETWEEN,CONTAIN,NOT_CONTAIN,NULL,NOT_NULL,GREATER_EQUAL,LESS_EQUAL', '出生日', 1, '2019-08-19 18:14:21', '2019-08-19 18:14:21');
INSERT INTO `welab_skyeye`.`tag`(`id`, `short_name`, `name`, `owner_id`, `is_id_mapped`, `is_visible`, `is_encrypted`, `is_related`, `data_type`, `source_data_type`, `aggregator`, `operator`, `description`, `seq_num`, `gmt_create`, `gmt_modified`) VALUES (2551, 'birth_month', 'birth_month', 61, 0, 1, 0, 0, 1, 1, 'SUM,COUNT,COUNT_DISTINCT,AVG,MAX,MIN', 'EQUAL,NOT_EQUAL,GREATER,LESS,BETWEEN,CONTAIN,NOT_CONTAIN,NULL,NOT_NULL,GREATER_EQUAL,LESS_EQUAL', '出生月', 1, '2019-08-19 18:14:21', '2019-08-19 18:14:21');
INSERT INTO `welab_skyeye`.`tag`(`id`, `short_name`, `name`, `owner_id`, `is_id_mapped`, `is_visible`, `is_encrypted`, `is_related`, `data_type`, `source_data_type`, `aggregator`, `operator`, `description`, `seq_num`, `gmt_create`, `gmt_modified`) VALUES (2550, 'birth_year', 'birth_year', 61, 0, 1, 0, 0, 1, 1, 'SUM,COUNT,COUNT_DISTINCT,AVG,MAX,MIN', 'EQUAL,NOT_EQUAL,GREATER,LESS,BETWEEN,CONTAIN,NOT_CONTAIN,NULL,NOT_NULL,GREATER_EQUAL,LESS_EQUAL', '出生年', 1, '2019-08-19 18:14:21', '2019-08-19 18:14:21');
INSERT INTO `welab_skyeye`.`tag`(`id`, `short_name`, `name`, `owner_id`, `is_id_mapped`, `is_visible`, `is_encrypted`, `is_related`, `data_type`, `source_data_type`, `aggregator`, `operator`, `description`, `seq_num`, `gmt_create`, `gmt_modified`) VALUES (2498, 'blocked', 'blocked', 61, 1, 1, 0, 0, 9, 9, 'SUM,COUNT,COUNT_DISTINCT,AVG,MAX,MIN', 'EQUAL,NOT_EQUAL,GREATER,LESS,BETWEEN,CONTAIN,NOT_CONTAIN,NULL,NOT_NULL,GREATER_EQUAL,LESS_EQUAL', '是否注销', 1, '2019-08-19 18:14:21', '2019-08-19 18:14:21');
INSERT INTO `welab_skyeye`.`tag`(`id`, `short_name`, `name`, `owner_id`, `is_id_mapped`, `is_visible`, `is_encrypted`, `is_related`, `data_type`, `source_data_type`, `aggregator`, `operator`, `description`, `seq_num`, `gmt_create`, `gmt_modified`) VALUES (2537, 'borrower_id', 'borrower_id', 61, 0, 1, 0, 0, 5, 5, 'SUM,COUNT,COUNT_DISTINCT,AVG,MAX,MIN', 'EQUAL,NOT_EQUAL,GREATER,LESS,BETWEEN,CONTAIN,NOT_CONTAIN,NULL,NOT_NULL,GREATER_EQUAL,LESS_EQUAL', '业务主键关联ID', 1, '2019-08-19 18:14:21', '2019-08-19 18:14:21');
INSERT INTO `welab_skyeye`.`tag`(`id`, `short_name`, `name`, `owner_id`, `is_id_mapped`, `is_visible`, `is_encrypted`, `is_related`, `data_type`, `source_data_type`, `aggregator`, `operator`, `description`, `seq_num`, `gmt_create`, `gmt_modified`) VALUES (2509, 'channel_code', 'channel_code', 61, 1, 1, 0, 0, 3, 3, 'COUNT', 'EQUAL,NOT_EQUAL,CONTAIN,NOT_CONTAIN,NULL,NOT_NULL,EMPTY,NOT_EMPTY,LIKE,NOT_LIKE,REGEX', '通道编号', 1, '2019-08-19 18:14:21', '2019-08-19 18:14:21');
INSERT INTO `welab_skyeye`.`tag`(`id`, `short_name`, `name`, `owner_id`, `is_id_mapped`, `is_visible`, `is_encrypted`, `is_related`, `data_type`, `source_data_type`, `aggregator`, `operator`, `description`, `seq_num`, `gmt_create`, `gmt_modified`) VALUES (2538, 'cnid', 'cnid', 61, 0, 1, 0, 0, 3, 3, 'COUNT', 'EQUAL,NOT_EQUAL,CONTAIN,NOT_CONTAIN,NULL,NOT_NULL,EMPTY,NOT_EMPTY,LIKE,NOT_LIKE,REGEX', '身份证号', 1, '2019-08-19 18:14:21', '2019-08-19 18:14:21');
INSERT INTO `welab_skyeye`.`tag`(`id`, `short_name`, `name`, `owner_id`, `is_id_mapped`, `is_visible`, `is_encrypted`, `is_related`, `data_type`, `source_data_type`, `aggregator`, `operator`, `description`, `seq_num`, `gmt_create`, `gmt_modified`) VALUES (2547, 'cnid_encrypt', 'cnid_encrypt', 61, 0, 1, 0, 0, 3, 3, 'COUNT', 'EQUAL,NOT_EQUAL,CONTAIN,NOT_CONTAIN,NULL,NOT_NULL,EMPTY,NOT_EMPTY,LIKE,NOT_LIKE,REGEX', '加密后的身份证号', 1, '2019-08-19 18:14:21', '2019-08-19 18:14:21');
INSERT INTO `welab_skyeye`.`tag`(`id`, `short_name`, `name`, `owner_id`, `is_id_mapped`, `is_visible`, `is_encrypted`, `is_related`, `data_type`, `source_data_type`, `aggregator`, `operator`, `description`, `seq_num`, `gmt_create`, `gmt_modified`) VALUES (2489, 'confirmed_at', 'confirmed_at', 61, 0, 1, 0, 0, 4, 4, 'COUNT,MAX,MIN', 'EQUAL,NOT_EQUAL,GREATER,LESS,BETWEEN,CONTAIN,NOT_CONTAIN,NULL,NOT_NULL,GREATER_EQUAL,LESS_EQUAL', '真正登录时间', 1, '2019-08-19 18:14:21', '2019-08-19 18:14:21');
INSERT INTO `welab_skyeye`.`tag`(`id`, `short_name`, `name`, `owner_id`, `is_id_mapped`, `is_visible`, `is_encrypted`, `is_related`, `data_type`, `source_data_type`, `aggregator`, `operator`, `description`, `seq_num`, `gmt_create`, `gmt_modified`) VALUES (2559, 'create_date_time', 'create_date_time', 61, 0, 0, 0, 0, 3, 3, 'COUNT', 'EQUAL,NOT_EQUAL,CONTAIN,NOT_CONTAIN,NULL,NOT_NULL,EMPTY,NOT_EMPTY,LIKE,NOT_LIKE,REGEX', '创建时间', 1, '2019-08-19 18:14:21', '2019-08-19 18:14:21');
INSERT INTO `welab_skyeye`.`tag`(`id`, `short_name`, `name`, `owner_id`, `is_id_mapped`, `is_visible`, `is_encrypted`, `is_related`, `data_type`, `source_data_type`, `aggregator`, `operator`, `description`, `seq_num`, `gmt_create`, `gmt_modified`) VALUES (2493, 'created_at', 'created_at', 61, 0, 1, 0, 0, 4, 4, 'COUNT,MAX,MIN', 'EQUAL,NOT_EQUAL,GREATER,LESS,BETWEEN,CONTAIN,NOT_CONTAIN,NULL,NOT_NULL,GREATER_EQUAL,LESS_EQUAL', '用户创建时间', 1, '2019-08-19 18:14:21', '2019-08-19 18:14:21');
INSERT INTO `welab_skyeye`.`tag`(`id`, `short_name`, `name`, `owner_id`, `is_id_mapped`, `is_visible`, `is_encrypted`, `is_related`, `data_type`, `source_data_type`, `aggregator`, `operator`, `description`, `seq_num`, `gmt_create`, `gmt_modified`) VALUES (2485, 'current_sign_in_at', 'current_sign_in_at', 61, 0, 1, 0, 0, 4, 4, 'COUNT,MAX,MIN', 'EQUAL,NOT_EQUAL,GREATER,LESS,BETWEEN,CONTAIN,NOT_CONTAIN,NULL,NOT_NULL,GREATER_EQUAL,LESS_EQUAL', '当前登录时间', 1, '2019-08-19 18:14:21', '2019-08-19 18:14:21');
INSERT INTO `welab_skyeye`.`tag`(`id`, `short_name`, `name`, `owner_id`, `is_id_mapped`, `is_visible`, `is_encrypted`, `is_related`, `data_type`, `source_data_type`, `aggregator`, `operator`, `description`, `seq_num`, `gmt_create`, `gmt_modified`) VALUES (2487, 'current_sign_in_ip', 'current_sign_in_ip', 61, 0, 1, 0, 0, 3, 3, 'COUNT', 'EQUAL,NOT_EQUAL,CONTAIN,NOT_CONTAIN,NULL,NOT_NULL,EMPTY,NOT_EMPTY,LIKE,NOT_LIKE,REGEX', '当前登录IP', 1, '2019-08-19 18:14:21', '2019-08-19 18:14:21');
INSERT INTO `welab_skyeye`.`tag`(`id`, `short_name`, `name`, `owner_id`, `is_id_mapped`, `is_visible`, `is_encrypted`, `is_related`, `data_type`, `source_data_type`, `aggregator`, `operator`, `description`, `seq_num`, `gmt_create`, `gmt_modified`) VALUES (2501, 'device_info', 'device_info', 61, 0, 1, 0, 0, 3, 3, 'COUNT', 'EQUAL,NOT_EQUAL,CONTAIN,NOT_CONTAIN,NULL,NOT_NULL,EMPTY,NOT_EMPTY,LIKE,NOT_LIKE,REGEX', '设备信息', 1, '2019-08-19 18:14:21', '2019-08-19 18:14:21');
INSERT INTO `welab_skyeye`.`tag`(`id`, `short_name`, `name`, `owner_id`, `is_id_mapped`, `is_visible`, `is_encrypted`, `is_related`, `data_type`, `source_data_type`, `aggregator`, `operator`, `description`, `seq_num`, `gmt_create`, `gmt_modified`) VALUES (2542, 'education_level_id', 'education_level_id', 61, 1, 1, 0, 0, 1, 1, 'SUM,COUNT,COUNT_DISTINCT,AVG,MAX,MIN', 'EQUAL,NOT_EQUAL,GREATER,LESS,BETWEEN,CONTAIN,NOT_CONTAIN,NULL,NOT_NULL,GREATER_EQUAL,LESS_EQUAL', '学历', 1, '2019-08-19 18:14:21', '2019-08-19 18:14:21');
INSERT INTO `welab_skyeye`.`tag`(`id`, `short_name`, `name`, `owner_id`, `is_id_mapped`, `is_visible`, `is_encrypted`, `is_related`, `data_type`, `source_data_type`, `aggregator`, `operator`, `description`, `seq_num`, `gmt_create`, `gmt_modified`) VALUES (2519, 'email', 'email', 61, 0, 1, 0, 0, 3, 3, 'COUNT', 'EQUAL,NOT_EQUAL,CONTAIN,NOT_CONTAIN,NULL,NOT_NULL,EMPTY,NOT_EMPTY,LIKE,NOT_LIKE,REGEX', '邮件地址', 1, '2019-08-19 18:14:21', '2019-08-19 18:14:21');
INSERT INTO `welab_skyeye`.`tag`(`id`, `short_name`, `name`, `owner_id`, `is_id_mapped`, `is_visible`, `is_encrypted`, `is_related`, `data_type`, `source_data_type`, `aggregator`, `operator`, `description`, `seq_num`, `gmt_create`, `gmt_modified`) VALUES (2500, 'email_confirmed', 'email_confirmed', 61, 0, 1, 0, 0, 4, 4, 'COUNT,MAX,MIN', 'EQUAL,NOT_EQUAL,GREATER,LESS,BETWEEN,CONTAIN,NOT_CONTAIN,NULL,NOT_NULL,GREATER_EQUAL,LESS_EQUAL', '邮件确认时间', 1, '2019-08-19 18:14:21', '2019-08-19 18:14:21');
INSERT INTO `welab_skyeye`.`tag`(`id`, `short_name`, `name`, `owner_id`, `is_id_mapped`, `is_visible`, `is_encrypted`, `is_related`, `data_type`, `source_data_type`, `aggregator`, `operator`, `description`, `seq_num`, `gmt_create`, `gmt_modified`) VALUES (2520, 'email_encrypt', 'email_encrypt', 61, 0, 1, 0, 0, 3, 3, 'COUNT', 'EQUAL,NOT_EQUAL,CONTAIN,NOT_CONTAIN,NULL,NOT_NULL,EMPTY,NOT_EMPTY,LIKE,NOT_LIKE,REGEX', '加密后的邮件地址', 1, '2019-08-19 18:14:21', '2019-08-19 18:14:21');
INSERT INTO `welab_skyeye`.`tag`(`id`, `short_name`, `name`, `owner_id`, `is_id_mapped`, `is_visible`, `is_encrypted`, `is_related`, `data_type`, `source_data_type`, `aggregator`, `operator`, `description`, `seq_num`, `gmt_create`, `gmt_modified`) VALUES (2481, 'encrypted_password', 'encrypted_password', 61, 0, 1, 0, 0, 3, 3, 'COUNT', 'EQUAL,NOT_EQUAL,CONTAIN,NOT_CONTAIN,NULL,NOT_NULL,EMPTY,NOT_EMPTY,LIKE,NOT_LIKE,REGEX', '密码', 1, '2019-08-19 18:14:21', '2019-08-19 18:14:21');
INSERT INTO `welab_skyeye`.`tag`(`id`, `short_name`, `name`, `owner_id`, `is_id_mapped`, `is_visible`, `is_encrypted`, `is_related`, `data_type`, `source_data_type`, `aggregator`, `operator`, `description`, `seq_num`, `gmt_create`, `gmt_modified`) VALUES (2502, 'encrypted_security_code', 'encrypted_security_code', 61, 0, 1, 0, 0, 3, 3, 'COUNT', 'EQUAL,NOT_EQUAL,CONTAIN,NOT_CONTAIN,NULL,NOT_NULL,EMPTY,NOT_EMPTY,LIKE,NOT_LIKE,REGEX', '安全密码', 1, '2019-08-19 18:14:21', '2019-08-19 18:14:21');
INSERT INTO `welab_skyeye`.`tag`(`id`, `short_name`, `name`, `owner_id`, `is_id_mapped`, `is_visible`, `is_encrypted`, `is_related`, `data_type`, `source_data_type`, `aggregator`, `operator`, `description`, `seq_num`, `gmt_create`, `gmt_modified`) VALUES (2543, 'enter_school_date', 'enter_school_date', 61, 0, 1, 0, 0, 4, 4, 'COUNT,MAX,MIN', 'EQUAL,NOT_EQUAL,GREATER,LESS,BETWEEN,CONTAIN,NOT_CONTAIN,NULL,NOT_NULL,GREATER_EQUAL,LESS_EQUAL', '毕业时间', 1, '2019-08-19 18:14:21', '2019-08-19 18:14:21');
INSERT INTO `welab_skyeye`.`tag`(`id`, `short_name`, `name`, `owner_id`, `is_id_mapped`, `is_visible`, `is_encrypted`, `is_related`, `data_type`, `source_data_type`, `aggregator`, `operator`, `description`, `seq_num`, `gmt_create`, `gmt_modified`) VALUES (2561, 'event_time', 'event_time', 61, 0, 0, 0, 0, 1, 1, 'SUM,COUNT,COUNT_DISTINCT,AVG,MAX,MIN', 'EQUAL,NOT_EQUAL,GREATER,LESS,BETWEEN,CONTAIN,NOT_CONTAIN,NULL,NOT_NULL,GREATER_EQUAL,LESS_EQUAL', '事件上报时间毫秒', 1, '2019-08-19 18:14:21', '2019-08-19 18:14:21');
INSERT INTO `welab_skyeye`.`tag`(`id`, `short_name`, `name`, `owner_id`, `is_id_mapped`, `is_visible`, `is_encrypted`, `is_related`, `data_type`, `source_data_type`, `aggregator`, `operator`, `description`, `seq_num`, `gmt_create`, `gmt_modified`) VALUES (2563, 'event_time_day', 'event_time_day', 61, 0, 0, 0, 0, 1, 1, 'SUM,COUNT,COUNT_DISTINCT,AVG,MAX,MIN', 'EQUAL,NOT_EQUAL,GREATER,LESS,BETWEEN,CONTAIN,NOT_CONTAIN,NULL,NOT_NULL,GREATER_EQUAL,LESS_EQUAL', '事件上报时间天', 1, '2019-08-19 18:14:21', '2019-08-19 18:14:21');
INSERT INTO `welab_skyeye`.`tag`(`id`, `short_name`, `name`, `owner_id`, `is_id_mapped`, `is_visible`, `is_encrypted`, `is_related`, `data_type`, `source_data_type`, `aggregator`, `operator`, `description`, `seq_num`, `gmt_create`, `gmt_modified`) VALUES (2562, 'event_time_hour', 'event_time_hour', 61, 0, 0, 0, 0, 1, 1, 'SUM,COUNT,COUNT_DISTINCT,AVG,MAX,MIN', 'EQUAL,NOT_EQUAL,GREATER,LESS,BETWEEN,CONTAIN,NOT_CONTAIN,NULL,NOT_NULL,GREATER_EQUAL,LESS_EQUAL', '事件上报时间小时', 1, '2019-08-19 18:14:21', '2019-08-19 18:14:21');
INSERT INTO `welab_skyeye`.`tag`(`id`, `short_name`, `name`, `owner_id`, `is_id_mapped`, `is_visible`, `is_encrypted`, `is_related`, `data_type`, `source_data_type`, `aggregator`, `operator`, `description`, `seq_num`, `gmt_create`, `gmt_modified`) VALUES (2566, 'event_time_minute', 'event_time_minute', 61, 0, 0, 0, 0, 1, 1, 'SUM,COUNT,COUNT_DISTINCT,AVG,MAX,MIN', 'EQUAL,NOT_EQUAL,GREATER,LESS,BETWEEN,CONTAIN,NOT_CONTAIN,NULL,NOT_NULL,GREATER_EQUAL,LESS_EQUAL', '事件上报时间分钟', 1, '2019-08-19 18:14:21', '2019-08-19 18:14:21');
INSERT INTO `welab_skyeye`.`tag`(`id`, `short_name`, `name`, `owner_id`, `is_id_mapped`, `is_visible`, `is_encrypted`, `is_related`, `data_type`, `source_data_type`, `aggregator`, `operator`, `description`, `seq_num`, `gmt_create`, `gmt_modified`) VALUES (2565, 'event_time_month', 'event_time_month', 61, 0, 0, 0, 0, 1, 1, 'SUM,COUNT,COUNT_DISTINCT,AVG,MAX,MIN', 'EQUAL,NOT_EQUAL,GREATER,LESS,BETWEEN,CONTAIN,NOT_CONTAIN,NULL,NOT_NULL,GREATER_EQUAL,LESS_EQUAL', '事件上报时间月', 1, '2019-08-19 18:14:21', '2019-08-19 18:14:21');
INSERT INTO `welab_skyeye`.`tag`(`id`, `short_name`, `name`, `owner_id`, `is_id_mapped`, `is_visible`, `is_encrypted`, `is_related`, `data_type`, `source_data_type`, `aggregator`, `operator`, `description`, `seq_num`, `gmt_create`, `gmt_modified`) VALUES (2564, 'event_time_week', 'event_time_week', 61, 0, 0, 0, 0, 1, 1, 'SUM,COUNT,COUNT_DISTINCT,AVG,MAX,MIN', 'EQUAL,NOT_EQUAL,GREATER,LESS,BETWEEN,CONTAIN,NOT_CONTAIN,NULL,NOT_NULL,GREATER_EQUAL,LESS_EQUAL', '事件上报时间周', 1, '2019-08-19 18:14:21', '2019-08-19 18:14:21');
INSERT INTO `welab_skyeye`.`tag`(`id`, `short_name`, `name`, `owner_id`, `is_id_mapped`, `is_visible`, `is_encrypted`, `is_related`, `data_type`, `source_data_type`, `aggregator`, `operator`, `description`, `seq_num`, `gmt_create`, `gmt_modified`) VALUES (2490, 'failed_attempts', 'failed_attempts', 61, 0, 1, 0, 0, 1, 1, 'SUM,COUNT,COUNT_DISTINCT,AVG,MAX,MIN', 'EQUAL,NOT_EQUAL,GREATER,LESS,BETWEEN,CONTAIN,NOT_CONTAIN,NULL,NOT_NULL,GREATER_EQUAL,LESS_EQUAL', '失败次数', 1, '2019-08-19 18:14:21', '2019-08-19 18:14:21');
INSERT INTO `welab_skyeye`.`tag`(`id`, `short_name`, `name`, `owner_id`, `is_id_mapped`, `is_visible`, `is_encrypted`, `is_related`, `data_type`, `source_data_type`, `aggregator`, `operator`, `description`, `seq_num`, `gmt_create`, `gmt_modified`) VALUES (2536, 'gender', 'gender', 61, 1, 1, 0, 0, 3, 3, 'COUNT', 'EQUAL,NOT_EQUAL,CONTAIN,NOT_CONTAIN,NULL,NOT_NULL,EMPTY,NOT_EMPTY,LIKE,NOT_LIKE,REGEX', '性别', 1, '2019-08-19 18:14:21', '2019-08-19 18:14:21');
INSERT INTO `welab_skyeye`.`tag`(`id`, `short_name`, `name`, `owner_id`, `is_id_mapped`, `is_visible`, `is_encrypted`, `is_related`, `data_type`, `source_data_type`, `aggregator`, `operator`, `description`, `seq_num`, `gmt_create`, `gmt_modified`) VALUES (2479, 'id', 'id', 61, 0, 1, 0, 0, 5, 5, 'SUM,COUNT,COUNT_DISTINCT,AVG,MAX,MIN', 'EQUAL,NOT_EQUAL,GREATER,LESS,BETWEEN,CONTAIN,NOT_CONTAIN,NULL,NOT_NULL,GREATER_EQUAL,LESS_EQUAL', '用户ID', 1, '2019-08-19 18:14:21', '2019-08-19 18:14:21');
INSERT INTO `welab_skyeye`.`tag`(`id`, `short_name`, `name`, `owner_id`, `is_id_mapped`, `is_visible`, `is_encrypted`, `is_related`, `data_type`, `source_data_type`, `aggregator`, `operator`, `description`, `seq_num`, `gmt_create`, `gmt_modified`) VALUES (2510, 'invite_at', 'invite_at', 61, 0, 1, 0, 0, 4, 4, 'COUNT,MAX,MIN', 'EQUAL,NOT_EQUAL,GREATER,LESS,BETWEEN,CONTAIN,NOT_CONTAIN,NULL,NOT_NULL,GREATER_EQUAL,LESS_EQUAL', '邀请时间', 1, '2019-08-19 18:14:21', '2019-08-19 18:14:21');
INSERT INTO `welab_skyeye`.`tag`(`id`, `short_name`, `name`, `owner_id`, `is_id_mapped`, `is_visible`, `is_encrypted`, `is_related`, `data_type`, `source_data_type`, `aggregator`, `operator`, `description`, `seq_num`, `gmt_create`, `gmt_modified`) VALUES (2557, 'is_active_', 'is_active_', 61, 0, 0, 0, 0, 3, 3, 'COUNT', 'EQUAL,NOT_EQUAL,CONTAIN,NOT_CONTAIN,NULL,NOT_NULL,EMPTY,NOT_EMPTY,LIKE,NOT_LIKE,REGEX', '是否删除', 1, '2019-08-19 18:14:21', '2019-08-19 18:14:21');
INSERT INTO `welab_skyeye`.`tag`(`id`, `short_name`, `name`, `owner_id`, `is_id_mapped`, `is_visible`, `is_encrypted`, `is_related`, `data_type`, `source_data_type`, `aggregator`, `operator`, `description`, `seq_num`, `gmt_create`, `gmt_modified`) VALUES (2486, 'last_sign_in_at', 'last_sign_in_at', 61, 0, 1, 0, 0, 4, 4, 'COUNT,MAX,MIN', 'EQUAL,NOT_EQUAL,GREATER,LESS,BETWEEN,CONTAIN,NOT_CONTAIN,NULL,NOT_NULL,GREATER_EQUAL,LESS_EQUAL', '上次登录时间', 1, '2019-08-19 18:14:21', '2019-08-19 18:14:21');
INSERT INTO `welab_skyeye`.`tag`(`id`, `short_name`, `name`, `owner_id`, `is_id_mapped`, `is_visible`, `is_encrypted`, `is_related`, `data_type`, `source_data_type`, `aggregator`, `operator`, `description`, `seq_num`, `gmt_create`, `gmt_modified`) VALUES (2488, 'last_sign_in_ip', 'last_sign_in_ip', 61, 0, 1, 0, 0, 3, 3, 'COUNT', 'EQUAL,NOT_EQUAL,CONTAIN,NOT_CONTAIN,NULL,NOT_NULL,EMPTY,NOT_EMPTY,LIKE,NOT_LIKE,REGEX', '上次登录IP', 1, '2019-08-19 18:14:21', '2019-08-19 18:14:21');
INSERT INTO `welab_skyeye`.`tag`(`id`, `short_name`, `name`, `owner_id`, `is_id_mapped`, `is_visible`, `is_encrypted`, `is_related`, `data_type`, `source_data_type`, `aggregator`, `operator`, `description`, `seq_num`, `gmt_create`, `gmt_modified`) VALUES (2492, 'locked_at', 'locked_at', 61, 0, 1, 0, 0, 4, 4, 'COUNT,MAX,MIN', 'EQUAL,NOT_EQUAL,GREATER,LESS,BETWEEN,CONTAIN,NOT_CONTAIN,NULL,NOT_NULL,GREATER_EQUAL,LESS_EQUAL', '锁定时间', 1, '2019-08-19 18:14:21', '2019-08-19 18:14:21');
INSERT INTO `welab_skyeye`.`tag`(`id`, `short_name`, `name`, `owner_id`, `is_id_mapped`, `is_visible`, `is_encrypted`, `is_related`, `data_type`, `source_data_type`, `aggregator`, `operator`, `description`, `seq_num`, `gmt_create`, `gmt_modified`) VALUES (2545, 'marriage', 'marriage', 61, 1, 1, 0, 0, 1, 1, 'SUM,COUNT,COUNT_DISTINCT,AVG,MAX,MIN', 'EQUAL,NOT_EQUAL,GREATER,LESS,BETWEEN,CONTAIN,NOT_CONTAIN,NULL,NOT_NULL,GREATER_EQUAL,LESS_EQUAL', '婚姻状况', 1, '2019-08-19 18:14:21', '2019-08-19 18:14:21');
INSERT INTO `welab_skyeye`.`tag`(`id`, `short_name`, `name`, `owner_id`, `is_id_mapped`, `is_visible`, `is_encrypted`, `is_related`, `data_type`, `source_data_type`, `aggregator`, `operator`, `description`, `seq_num`, `gmt_create`, `gmt_modified`) VALUES (2497, 'member_id', 'member_id', 61, 0, 1, 0, 0, 3, 3, 'COUNT', 'EQUAL,NOT_EQUAL,CONTAIN,NOT_CONTAIN,NULL,NOT_NULL,EMPTY,NOT_EMPTY,LIKE,NOT_LIKE,REGEX', '唯一标识', 1, '2019-08-19 18:14:21', '2019-08-19 18:14:21');
INSERT INTO `welab_skyeye`.`tag`(`id`, `short_name`, `name`, `owner_id`, `is_id_mapped`, `is_visible`, `is_encrypted`, `is_related`, `data_type`, `source_data_type`, `aggregator`, `operator`, `description`, `seq_num`, `gmt_create`, `gmt_modified`) VALUES (2480, 'mobile', 'mobile', 61, 0, 1, 0, 0, 3, 3, 'COUNT', 'EQUAL,NOT_EQUAL,CONTAIN,NOT_CONTAIN,NULL,NOT_NULL,EMPTY,NOT_EMPTY,LIKE,NOT_LIKE,REGEX', '用户手机号', 1, '2019-08-19 18:14:21', '2019-08-19 18:14:21');
INSERT INTO `welab_skyeye`.`tag`(`id`, `short_name`, `name`, `owner_id`, `is_id_mapped`, `is_visible`, `is_encrypted`, `is_related`, `data_type`, `source_data_type`, `aggregator`, `operator`, `description`, `seq_num`, `gmt_create`, `gmt_modified`) VALUES (2513, 'mobile_encrypt', 'mobile_encrypt', 61, 0, 1, 0, 0, 3, 3, 'COUNT', 'EQUAL,NOT_EQUAL,CONTAIN,NOT_CONTAIN,NULL,NOT_NULL,EMPTY,NOT_EMPTY,LIKE,NOT_LIKE,REGEX', '加密后的手机号', 1, '2019-08-19 18:14:21', '2019-08-19 18:14:21');
INSERT INTO `welab_skyeye`.`tag`(`id`, `short_name`, `name`, `owner_id`, `is_id_mapped`, `is_visible`, `is_encrypted`, `is_related`, `data_type`, `source_data_type`, `aggregator`, `operator`, `description`, `seq_num`, `gmt_create`, `gmt_modified`) VALUES (2535, 'name', 'name', 61, 0, 1, 0, 0, 3, 3, 'COUNT', 'EQUAL,NOT_EQUAL,CONTAIN,NOT_CONTAIN,NULL,NOT_NULL,EMPTY,NOT_EMPTY,LIKE,NOT_LIKE,REGEX', '姓名', 1, '2019-08-19 18:14:21', '2019-08-19 18:14:21');
INSERT INTO `welab_skyeye`.`tag`(`id`, `short_name`, `name`, `owner_id`, `is_id_mapped`, `is_visible`, `is_encrypted`, `is_related`, `data_type`, `source_data_type`, `aggregator`, `operator`, `description`, `seq_num`, `gmt_create`, `gmt_modified`) VALUES (2548, 'name_encrypt', 'name_encrypt', 61, 0, 1, 0, 0, 3, 3, 'COUNT', 'EQUAL,NOT_EQUAL,CONTAIN,NOT_CONTAIN,NULL,NOT_NULL,EMPTY,NOT_EMPTY,LIKE,NOT_LIKE,REGEX', '加密后的姓名', 1, '2019-08-19 18:14:21', '2019-08-19 18:14:21');
INSERT INTO `welab_skyeye`.`tag`(`id`, `short_name`, `name`, `owner_id`, `is_id_mapped`, `is_visible`, `is_encrypted`, `is_related`, `data_type`, `source_data_type`, `aggregator`, `operator`, `description`, `seq_num`, `gmt_create`, `gmt_modified`) VALUES (2504, 'origin', 'origin', 61, 1, 1, 0, 0, 3, 3, 'COUNT', 'EQUAL,NOT_EQUAL,CONTAIN,NOT_CONTAIN,NULL,NOT_NULL,EMPTY,NOT_EMPTY,LIKE,NOT_LIKE,REGEX', '注册渠道', 1, '2019-08-19 18:14:21', '2019-08-19 18:14:21');
INSERT INTO `welab_skyeye`.`tag`(`id`, `short_name`, `name`, `owner_id`, `is_id_mapped`, `is_visible`, `is_encrypted`, `is_related`, `data_type`, `source_data_type`, `aggregator`, `operator`, `description`, `seq_num`, `gmt_create`, `gmt_modified`) VALUES (2544, 'position_id', 'position_id', 61, 1, 1, 0, 0, 1, 1, 'SUM,COUNT,COUNT_DISTINCT,AVG,MAX,MIN', 'EQUAL,NOT_EQUAL,GREATER,LESS,BETWEEN,CONTAIN,NOT_CONTAIN,NULL,NOT_NULL,GREATER_EQUAL,LESS_EQUAL', '职业身份', 1, '2019-08-19 18:14:21', '2019-08-19 18:14:21');
INSERT INTO `welab_skyeye`.`tag`(`id`, `short_name`, `name`, `owner_id`, `is_id_mapped`, `is_visible`, `is_encrypted`, `is_related`, `data_type`, `source_data_type`, `aggregator`, `operator`, `description`, `seq_num`, `gmt_create`, `gmt_modified`) VALUES (2508, 'product_code', 'product_code', 61, 1, 1, 0, 0, 3, 3, 'COUNT', 'EQUAL,NOT_EQUAL,CONTAIN,NOT_CONTAIN,NULL,NOT_NULL,EMPTY,NOT_EMPTY,LIKE,NOT_LIKE,REGEX', '产品编号', 1, '2019-08-19 18:14:21', '2019-08-19 18:14:21');
INSERT INTO `welab_skyeye`.`tag`(`id`, `short_name`, `name`, `owner_id`, `is_id_mapped`, `is_visible`, `is_encrypted`, `is_related`, `data_type`, `source_data_type`, `aggregator`, `operator`, `description`, `seq_num`, `gmt_create`, `gmt_modified`) VALUES (2539, 'profile_created_at', 'profile_created_at', 61, 0, 1, 0, 0, 4, 4, 'COUNT,MAX,MIN', 'EQUAL,NOT_EQUAL,GREATER,LESS,BETWEEN,CONTAIN,NOT_CONTAIN,NULL,NOT_NULL,GREATER_EQUAL,LESS_EQUAL', '资料创建时间', 1, '2019-08-19 18:14:21', '2019-08-19 18:14:21');
INSERT INTO `welab_skyeye`.`tag`(`id`, `short_name`, `name`, `owner_id`, `is_id_mapped`, `is_visible`, `is_encrypted`, `is_related`, `data_type`, `source_data_type`, `aggregator`, `operator`, `description`, `seq_num`, `gmt_create`, `gmt_modified`) VALUES (2540, 'profile_updated_at', 'profile_updated_at', 61, 0, 1, 0, 0, 4, 4, 'COUNT,MAX,MIN', 'EQUAL,NOT_EQUAL,GREATER,LESS,BETWEEN,CONTAIN,NOT_CONTAIN,NULL,NOT_NULL,GREATER_EQUAL,LESS_EQUAL', '资料修改时间', 1, '2019-08-19 18:14:21', '2019-08-19 18:14:21');
INSERT INTO `welab_skyeye`.`tag`(`id`, `short_name`, `name`, `owner_id`, `is_id_mapped`, `is_visible`, `is_encrypted`, `is_related`, `data_type`, `source_data_type`, `aggregator`, `operator`, `description`, `seq_num`, `gmt_create`, `gmt_modified`) VALUES (2546, 'qq', 'qq', 61, 0, 1, 0, 0, 3, 3, 'COUNT', 'EQUAL,NOT_EQUAL,CONTAIN,NOT_CONTAIN,NULL,NOT_NULL,EMPTY,NOT_EMPTY,LIKE,NOT_LIKE,REGEX', 'QQ号码', 1, '2019-08-19 18:14:21', '2019-08-19 18:14:21');
INSERT INTO `welab_skyeye`.`tag`(`id`, `short_name`, `name`, `owner_id`, `is_id_mapped`, `is_visible`, `is_encrypted`, `is_related`, `data_type`, `source_data_type`, `aggregator`, `operator`, `description`, `seq_num`, `gmt_create`, `gmt_modified`) VALUES (2549, 'qq_encrypt', 'qq_encrypt', 61, 0, 1, 0, 0, 3, 3, 'COUNT', 'EQUAL,NOT_EQUAL,CONTAIN,NOT_CONTAIN,NULL,NOT_NULL,EMPTY,NOT_EMPTY,LIKE,NOT_LIKE,REGEX', '加密后的QQ', 1, '2019-08-19 18:14:21', '2019-08-19 18:14:21');
INSERT INTO `welab_skyeye`.`tag`(`id`, `short_name`, `name`, `owner_id`, `is_id_mapped`, `is_visible`, `is_encrypted`, `is_related`, `data_type`, `source_data_type`, `aggregator`, `operator`, `description`, `seq_num`, `gmt_create`, `gmt_modified`) VALUES (2506, 'referee_id', 'referee_id', 61, 0, 1, 0, 0, 5, 5, 'SUM,COUNT,COUNT_DISTINCT,AVG,MAX,MIN', 'EQUAL,NOT_EQUAL,GREATER,LESS,BETWEEN,CONTAIN,NOT_CONTAIN,NULL,NOT_NULL,GREATER_EQUAL,LESS_EQUAL', '推荐人', 1, '2019-08-19 18:14:21', '2019-08-19 18:14:21');
INSERT INTO `welab_skyeye`.`tag`(`id`, `short_name`, `name`, `owner_id`, `is_id_mapped`, `is_visible`, `is_encrypted`, `is_related`, `data_type`, `source_data_type`, `aggregator`, `operator`, `description`, `seq_num`, `gmt_create`, `gmt_modified`) VALUES (2483, 'reset_password_sent_at', 'reset_password_sent_at', 61, 0, 1, 0, 0, 4, 4, 'COUNT,MAX,MIN', 'EQUAL,NOT_EQUAL,GREATER,LESS,BETWEEN,CONTAIN,NOT_CONTAIN,NULL,NOT_NULL,GREATER_EQUAL,LESS_EQUAL', '重置密码时间', 1, '2019-08-19 18:14:21', '2019-08-19 18:14:21');
INSERT INTO `welab_skyeye`.`tag`(`id`, `short_name`, `name`, `owner_id`, `is_id_mapped`, `is_visible`, `is_encrypted`, `is_related`, `data_type`, `source_data_type`, `aggregator`, `operator`, `description`, `seq_num`, `gmt_create`, `gmt_modified`) VALUES (2482, 'reset_password_token', 'reset_password_token', 61, 0, 1, 0, 0, 3, 3, 'COUNT', 'EQUAL,NOT_EQUAL,CONTAIN,NOT_CONTAIN,NULL,NOT_NULL,EMPTY,NOT_EMPTY,LIKE,NOT_LIKE,REGEX', '重置密码', 1, '2019-08-19 18:14:21', '2019-08-19 18:14:21');
INSERT INTO `welab_skyeye`.`tag`(`id`, `short_name`, `name`, `owner_id`, `is_id_mapped`, `is_visible`, `is_encrypted`, `is_related`, `data_type`, `source_data_type`, `aggregator`, `operator`, `description`, `seq_num`, `gmt_create`, `gmt_modified`) VALUES (2507, 'role_type', 'role_type', 61, 1, 1, 0, 0, 1, 1, 'SUM,COUNT,COUNT_DISTINCT,AVG,MAX,MIN', 'EQUAL,NOT_EQUAL,GREATER,LESS,BETWEEN,CONTAIN,NOT_CONTAIN,NULL,NOT_NULL,GREATER_EQUAL,LESS_EQUAL', '角色', 1, '2019-08-19 18:14:21', '2019-08-19 18:14:21');
INSERT INTO `welab_skyeye`.`tag`(`id`, `short_name`, `name`, `owner_id`, `is_id_mapped`, `is_visible`, `is_encrypted`, `is_related`, `data_type`, `source_data_type`, `aggregator`, `operator`, `description`, `seq_num`, `gmt_create`, `gmt_modified`) VALUES (2496, 'screen_name', 'screen_name', 61, 0, 1, 0, 0, 3, 3, 'COUNT', 'EQUAL,NOT_EQUAL,CONTAIN,NOT_CONTAIN,NULL,NOT_NULL,EMPTY,NOT_EMPTY,LIKE,NOT_LIKE,REGEX', '昵称', 1, '2019-08-19 18:14:21', '2019-08-19 18:14:21');
INSERT INTO `welab_skyeye`.`tag`(`id`, `short_name`, `name`, `owner_id`, `is_id_mapped`, `is_visible`, `is_encrypted`, `is_related`, `data_type`, `source_data_type`, `aggregator`, `operator`, `description`, `seq_num`, `gmt_create`, `gmt_modified`) VALUES (2511, 'sec_failed_attempts', 'sec_failed_attempts', 61, 0, 1, 0, 0, 1, 1, 'SUM,COUNT,COUNT_DISTINCT,AVG,MAX,MIN', 'EQUAL,NOT_EQUAL,GREATER,LESS,BETWEEN,CONTAIN,NOT_CONTAIN,NULL,NOT_NULL,GREATER_EQUAL,LESS_EQUAL', '验证码失败次数', 1, '2019-08-19 18:14:21', '2019-08-19 18:14:21');
INSERT INTO `welab_skyeye`.`tag`(`id`, `short_name`, `name`, `owner_id`, `is_id_mapped`, `is_visible`, `is_encrypted`, `is_related`, `data_type`, `source_data_type`, `aggregator`, `operator`, `description`, `seq_num`, `gmt_create`, `gmt_modified`) VALUES (2484, 'sign_in_count', 'sign_in_count', 61, 0, 1, 0, 0, 1, 1, 'SUM,COUNT,COUNT_DISTINCT,AVG,MAX,MIN', 'EQUAL,NOT_EQUAL,GREATER,LESS,BETWEEN,CONTAIN,NOT_CONTAIN,NULL,NOT_NULL,GREATER_EQUAL,LESS_EQUAL', '登录次数', 1, '2019-08-19 18:14:21', '2019-08-19 18:14:21');
INSERT INTO `welab_skyeye`.`tag`(`id`, `short_name`, `name`, `owner_id`, `is_id_mapped`, `is_visible`, `is_encrypted`, `is_related`, `data_type`, `source_data_type`, `aggregator`, `operator`, `description`, `seq_num`, `gmt_create`, `gmt_modified`) VALUES (2499, 'to_receive_newsletter', 'to_receive_newsletter', 61, 1, 1, 0, 0, 9, 9, 'SUM,COUNT,COUNT_DISTINCT,AVG,MAX,MIN', 'EQUAL,NOT_EQUAL,GREATER,LESS,BETWEEN,CONTAIN,NOT_CONTAIN,NULL,NOT_NULL,GREATER_EQUAL,LESS_EQUAL', '接收通知', 1, '2019-08-19 18:14:21', '2019-08-19 18:14:21');
INSERT INTO `welab_skyeye`.`tag`(`id`, `short_name`, `name`, `owner_id`, `is_id_mapped`, `is_visible`, `is_encrypted`, `is_related`, `data_type`, `source_data_type`, `aggregator`, `operator`, `description`, `seq_num`, `gmt_create`, `gmt_modified`) VALUES (2558, 'ums_id_', 'ums_id_', 61, 0, 0, 0, 0, 3, 3, 'COUNT', 'EQUAL,NOT_EQUAL,CONTAIN,NOT_CONTAIN,NULL,NOT_NULL,EMPTY,NOT_EMPTY,LIKE,NOT_LIKE,REGEX', '偏移量', 1, '2019-08-19 18:14:21', '2019-08-19 18:14:21');
INSERT INTO `welab_skyeye`.`tag`(`id`, `short_name`, `name`, `owner_id`, `is_id_mapped`, `is_visible`, `is_encrypted`, `is_related`, `data_type`, `source_data_type`, `aggregator`, `operator`, `description`, `seq_num`, `gmt_create`, `gmt_modified`) VALUES (2491, 'unlock_token', 'unlock_token', 61, 0, 1, 0, 0, 3, 3, 'COUNT', 'EQUAL,NOT_EQUAL,CONTAIN,NOT_CONTAIN,NULL,NOT_NULL,EMPTY,NOT_EMPTY,LIKE,NOT_LIKE,REGEX', '解锁token', 1, '2019-08-19 18:14:21', '2019-08-19 18:14:21');
INSERT INTO `welab_skyeye`.`tag`(`id`, `short_name`, `name`, `owner_id`, `is_id_mapped`, `is_visible`, `is_encrypted`, `is_related`, `data_type`, `source_data_type`, `aggregator`, `operator`, `description`, `seq_num`, `gmt_create`, `gmt_modified`) VALUES (2560, 'update_date_time', 'update_date_time', 61, 0, 0, 0, 0, 3, 3, 'COUNT', 'EQUAL,NOT_EQUAL,CONTAIN,NOT_CONTAIN,NULL,NOT_NULL,EMPTY,NOT_EMPTY,LIKE,NOT_LIKE,REGEX', '更新时间', 1, '2019-08-19 18:14:21', '2019-08-19 18:14:21');
INSERT INTO `welab_skyeye`.`tag`(`id`, `short_name`, `name`, `owner_id`, `is_id_mapped`, `is_visible`, `is_encrypted`, `is_related`, `data_type`, `source_data_type`, `aggregator`, `operator`, `description`, `seq_num`, `gmt_create`, `gmt_modified`) VALUES (2494, 'updated_at', 'updated_at', 61, 0, 1, 0, 0, 4, 4, 'COUNT,MAX,MIN', 'EQUAL,NOT_EQUAL,GREATER,LESS,BETWEEN,CONTAIN,NOT_CONTAIN,NULL,NOT_NULL,GREATER_EQUAL,LESS_EQUAL', '用户更新时间', 1, '2019-08-19 18:14:21', '2019-08-19 18:14:21');
INSERT INTO `welab_skyeye`.`tag`(`id`, `short_name`, `name`, `owner_id`, `is_id_mapped`, `is_visible`, `is_encrypted`, `is_related`, `data_type`, `source_data_type`, `aggregator`, `operator`, `description`, `seq_num`, `gmt_create`, `gmt_modified`) VALUES (2503, 'user_agent', 'user_agent', 61, 0, 1, 0, 0, 3, 3, 'COUNT', 'EQUAL,NOT_EQUAL,CONTAIN,NOT_CONTAIN,NULL,NOT_NULL,EMPTY,NOT_EMPTY,LIKE,NOT_LIKE,REGEX', 'HTTP代理', 1, '2019-08-19 18:14:21', '2019-08-19 18:14:21');
INSERT INTO `welab_skyeye`.`tag`(`id`, `short_name`, `name`, `owner_id`, `is_id_mapped`, `is_visible`, `is_encrypted`, `is_related`, `data_type`, `source_data_type`, `aggregator`, `operator`, `description`, `seq_num`, `gmt_create`, `gmt_modified`) VALUES (2515, 'user_created_at', 'user_created_at', 61, 0, 1, 0, 0, 4, 4, 'COUNT,MAX,MIN', 'EQUAL,NOT_EQUAL,GREATER,LESS,BETWEEN,CONTAIN,NOT_CONTAIN,NULL,NOT_NULL,GREATER_EQUAL,LESS_EQUAL', '用户创建时间', 1, '2019-08-19 18:14:21', '2019-08-19 18:14:21');
INSERT INTO `welab_skyeye`.`tag`(`id`, `short_name`, `name`, `owner_id`, `is_id_mapped`, `is_visible`, `is_encrypted`, `is_related`, `data_type`, `source_data_type`, `aggregator`, `operator`, `description`, `seq_num`, `gmt_create`, `gmt_modified`) VALUES (2533, 'user_email', 'user_email', 61, 0, 1, 0, 0, 3, 3, 'COUNT', 'EQUAL,NOT_EQUAL,CONTAIN,NOT_CONTAIN,NULL,NOT_NULL,EMPTY,NOT_EMPTY,LIKE,NOT_LIKE,REGEX', '邮箱', 1, '2019-08-19 18:14:21', '2019-08-19 18:14:21');
INSERT INTO `welab_skyeye`.`tag`(`id`, `short_name`, `name`, `owner_id`, `is_id_mapped`, `is_visible`, `is_encrypted`, `is_related`, `data_type`, `source_data_type`, `aggregator`, `operator`, `description`, `seq_num`, `gmt_create`, `gmt_modified`) VALUES (2534, 'user_email_encrypt', 'user_email_encrypt', 61, 0, 1, 0, 0, 3, 3, 'COUNT', 'EQUAL,NOT_EQUAL,CONTAIN,NOT_CONTAIN,NULL,NOT_NULL,EMPTY,NOT_EMPTY,LIKE,NOT_LIKE,REGEX', '加密后的邮件地址', 1, '2019-08-19 18:14:21', '2019-08-19 18:14:21');
INSERT INTO `welab_skyeye`.`tag`(`id`, `short_name`, `name`, `owner_id`, `is_id_mapped`, `is_visible`, `is_encrypted`, `is_related`, `data_type`, `source_data_type`, `aggregator`, `operator`, `description`, `seq_num`, `gmt_create`, `gmt_modified`) VALUES (2553, 'user_name', 'user_name', 61, 0, 1, 0, 0, 3, 3, 'COUNT', 'EQUAL,NOT_EQUAL,CONTAIN,NOT_CONTAIN,NULL,NOT_NULL,EMPTY,NOT_EMPTY,LIKE,NOT_LIKE,REGEX', '姓名', 1, '2019-08-19 18:14:21', '2019-08-19 18:14:21');
INSERT INTO `welab_skyeye`.`tag`(`id`, `short_name`, `name`, `owner_id`, `is_id_mapped`, `is_visible`, `is_encrypted`, `is_related`, `data_type`, `source_data_type`, `aggregator`, `operator`, `description`, `seq_num`, `gmt_create`, `gmt_modified`) VALUES (2516, 'user_updated_at', 'user_updated_at', 61, 0, 1, 0, 0, 4, 4, 'COUNT,MAX,MIN', 'EQUAL,NOT_EQUAL,GREATER,LESS,BETWEEN,CONTAIN,NOT_CONTAIN,NULL,NOT_NULL,GREATER_EQUAL,LESS_EQUAL', '用户更新时间', 1, '2019-08-19 18:14:21', '2019-08-19 18:14:21');
INSERT INTO `welab_skyeye`.`tag`(`id`, `short_name`, `name`, `owner_id`, `is_id_mapped`, `is_visible`, `is_encrypted`, `is_related`, `data_type`, `source_data_type`, `aggregator`, `operator`, `description`, `seq_num`, `gmt_create`, `gmt_modified`) VALUES (2512, 'uuid', 'uuid', 61, 0, 1, 0, 0, 5, 5, 'SUM,COUNT,COUNT_DISTINCT,AVG,MAX,MIN', 'EQUAL,NOT_EQUAL,GREATER,LESS,BETWEEN,CONTAIN,NOT_CONTAIN,NULL,NOT_NULL,GREATER_EQUAL,LESS_EQUAL', '业务用户主键', 1, '2019-08-19 18:14:21', '2019-08-19 18:14:21');
INSERT INTO `welab_skyeye`.`tag`(`id`, `short_name`, `name`, `owner_id`, `is_id_mapped`, `is_visible`, `is_encrypted`, `is_related`, `data_type`, `source_data_type`, `aggregator`, `operator`, `description`, `seq_num`, `gmt_create`, `gmt_modified`) VALUES (2541, 'verified', 'verified', 61, 1, 1, 0, 0, 9, 9, 'SUM,COUNT,COUNT_DISTINCT,AVG,MAX,MIN', 'EQUAL,NOT_EQUAL,GREATER,LESS,BETWEEN,CONTAIN,NOT_CONTAIN,NULL,NOT_NULL,GREATER_EQUAL,LESS_EQUAL', '是否实名', 1, '2019-08-19 18:14:21', '2019-08-19 18:14:21');
INSERT INTO `welab_skyeye`.`tag`(`id`, `short_name`, `name`, `owner_id`, `is_id_mapped`, `is_visible`, `is_encrypted`, `is_related`, `data_type`, `source_data_type`, `aggregator`, `operator`, `description`, `seq_num`, `gmt_create`, `gmt_modified`) VALUES (2525, 'x_confirmed_at', 'x_confirmed_at', 61, 0, 1, 0, 0, 5, 5, 'SUM,COUNT,COUNT_DISTINCT,AVG,MAX,MIN', 'EQUAL,NOT_EQUAL,GREATER,LESS,BETWEEN,CONTAIN,NOT_CONTAIN,NULL,NOT_NULL,GREATER_EQUAL,LESS_EQUAL', '真正登录时间_分析', 1, '2019-08-19 18:14:21', '2019-08-19 18:14:21');
INSERT INTO `welab_skyeye`.`tag`(`id`, `short_name`, `name`, `owner_id`, `is_id_mapped`, `is_visible`, `is_encrypted`, `is_related`, `data_type`, `source_data_type`, `aggregator`, `operator`, `description`, `seq_num`, `gmt_create`, `gmt_modified`) VALUES (2527, 'x_created_at', 'x_created_at', 61, 0, 1, 0, 0, 5, 5, 'SUM,COUNT,COUNT_DISTINCT,AVG,MAX,MIN', 'EQUAL,NOT_EQUAL,GREATER,LESS,BETWEEN,CONTAIN,NOT_CONTAIN,NULL,NOT_NULL,GREATER_EQUAL,LESS_EQUAL', '用户创建时间_分析', 1, '2019-08-19 18:14:21', '2019-08-19 18:14:21');
INSERT INTO `welab_skyeye`.`tag`(`id`, `short_name`, `name`, `owner_id`, `is_id_mapped`, `is_visible`, `is_encrypted`, `is_related`, `data_type`, `source_data_type`, `aggregator`, `operator`, `description`, `seq_num`, `gmt_create`, `gmt_modified`) VALUES (2523, 'x_current_sign_in_at', 'x_current_sign_in_at', 61, 0, 1, 0, 0, 5, 5, 'SUM,COUNT,COUNT_DISTINCT,AVG,MAX,MIN', 'EQUAL,NOT_EQUAL,GREATER,LESS,BETWEEN,CONTAIN,NOT_CONTAIN,NULL,NOT_NULL,GREATER_EQUAL,LESS_EQUAL', '当前登录时间_分析', 1, '2019-08-19 18:14:21', '2019-08-19 18:14:21');
INSERT INTO `welab_skyeye`.`tag`(`id`, `short_name`, `name`, `owner_id`, `is_id_mapped`, `is_visible`, `is_encrypted`, `is_related`, `data_type`, `source_data_type`, `aggregator`, `operator`, `description`, `seq_num`, `gmt_create`, `gmt_modified`) VALUES (2529, 'x_email_confirmed', 'x_email_confirmed', 61, 0, 1, 0, 0, 5, 5, 'SUM,COUNT,COUNT_DISTINCT,AVG,MAX,MIN', 'EQUAL,NOT_EQUAL,GREATER,LESS,BETWEEN,CONTAIN,NOT_CONTAIN,NULL,NOT_NULL,GREATER_EQUAL,LESS_EQUAL', '邮件确认时间_分析', 1, '2019-08-19 18:14:21', '2019-08-19 18:14:21');
INSERT INTO `welab_skyeye`.`tag`(`id`, `short_name`, `name`, `owner_id`, `is_id_mapped`, `is_visible`, `is_encrypted`, `is_related`, `data_type`, `source_data_type`, `aggregator`, `operator`, `description`, `seq_num`, `gmt_create`, `gmt_modified`) VALUES (2556, 'x_enter_school_date', 'x_enter_school_date', 61, 0, 1, 0, 0, 5, 5, 'SUM,COUNT,COUNT_DISTINCT,AVG,MAX,MIN', 'EQUAL,NOT_EQUAL,GREATER,LESS,BETWEEN,CONTAIN,NOT_CONTAIN,NULL,NOT_NULL,GREATER_EQUAL,LESS_EQUAL', '毕业时间_分析', 1, '2019-08-19 18:14:21', '2019-08-19 18:14:21');
INSERT INTO `welab_skyeye`.`tag`(`id`, `short_name`, `name`, `owner_id`, `is_id_mapped`, `is_visible`, `is_encrypted`, `is_related`, `data_type`, `source_data_type`, `aggregator`, `operator`, `description`, `seq_num`, `gmt_create`, `gmt_modified`) VALUES (2530, 'x_invite_at', 'x_invite_at', 61, 0, 1, 0, 0, 5, 5, 'SUM,COUNT,COUNT_DISTINCT,AVG,MAX,MIN', 'EQUAL,NOT_EQUAL,GREATER,LESS,BETWEEN,CONTAIN,NOT_CONTAIN,NULL,NOT_NULL,GREATER_EQUAL,LESS_EQUAL', '邀请时间_分析', 1, '2019-08-19 18:14:21', '2019-08-19 18:14:21');
INSERT INTO `welab_skyeye`.`tag`(`id`, `short_name`, `name`, `owner_id`, `is_id_mapped`, `is_visible`, `is_encrypted`, `is_related`, `data_type`, `source_data_type`, `aggregator`, `operator`, `description`, `seq_num`, `gmt_create`, `gmt_modified`) VALUES (2524, 'x_last_sign_in_at', 'x_last_sign_in_at', 61, 0, 1, 0, 0, 5, 5, 'SUM,COUNT,COUNT_DISTINCT,AVG,MAX,MIN', 'EQUAL,NOT_EQUAL,GREATER,LESS,BETWEEN,CONTAIN,NOT_CONTAIN,NULL,NOT_NULL,GREATER_EQUAL,LESS_EQUAL', '上次登录时间_分析', 1, '2019-08-19 18:14:21', '2019-08-19 18:14:21');
INSERT INTO `welab_skyeye`.`tag`(`id`, `short_name`, `name`, `owner_id`, `is_id_mapped`, `is_visible`, `is_encrypted`, `is_related`, `data_type`, `source_data_type`, `aggregator`, `operator`, `description`, `seq_num`, `gmt_create`, `gmt_modified`) VALUES (2526, 'x_locked_at', 'x_locked_at', 61, 0, 1, 0, 0, 5, 5, 'SUM,COUNT,COUNT_DISTINCT,AVG,MAX,MIN', 'EQUAL,NOT_EQUAL,GREATER,LESS,BETWEEN,CONTAIN,NOT_CONTAIN,NULL,NOT_NULL,GREATER_EQUAL,LESS_EQUAL', '锁定时间_分析', 1, '2019-08-19 18:14:21', '2019-08-19 18:14:21');
INSERT INTO `welab_skyeye`.`tag`(`id`, `short_name`, `name`, `owner_id`, `is_id_mapped`, `is_visible`, `is_encrypted`, `is_related`, `data_type`, `source_data_type`, `aggregator`, `operator`, `description`, `seq_num`, `gmt_create`, `gmt_modified`) VALUES (2517, 'x_origin', 'x_origin', 61, 1, 1, 0, 1, 5, 5, 'SUM,COUNT,COUNT_DISTINCT,AVG,MAX,MIN', 'EQUAL,NOT_EQUAL,GREATER,LESS,BETWEEN,CONTAIN,NOT_CONTAIN,NULL,NOT_NULL,GREATER_EQUAL,LESS_EQUAL', '注册渠道关联', 1, '2019-08-19 18:14:21', '2019-08-19 18:14:21');
INSERT INTO `welab_skyeye`.`tag`(`id`, `short_name`, `name`, `owner_id`, `is_id_mapped`, `is_visible`, `is_encrypted`, `is_related`, `data_type`, `source_data_type`, `aggregator`, `operator`, `description`, `seq_num`, `gmt_create`, `gmt_modified`) VALUES (2518, 'x_product_code', 'x_product_code', 61, 1, 1, 0, 1, 5, 5, 'SUM,COUNT,COUNT_DISTINCT,AVG,MAX,MIN', 'EQUAL,NOT_EQUAL,GREATER,LESS,BETWEEN,CONTAIN,NOT_CONTAIN,NULL,NOT_NULL,GREATER_EQUAL,LESS_EQUAL', '产品编号关联', 1, '2019-08-19 18:14:21', '2019-08-19 18:14:21');
INSERT INTO `welab_skyeye`.`tag`(`id`, `short_name`, `name`, `owner_id`, `is_id_mapped`, `is_visible`, `is_encrypted`, `is_related`, `data_type`, `source_data_type`, `aggregator`, `operator`, `description`, `seq_num`, `gmt_create`, `gmt_modified`) VALUES (2554, 'x_profile_created_at', 'x_profile_created_at', 61, 0, 1, 0, 0, 5, 5, 'SUM,COUNT,COUNT_DISTINCT,AVG,MAX,MIN', 'EQUAL,NOT_EQUAL,GREATER,LESS,BETWEEN,CONTAIN,NOT_CONTAIN,NULL,NOT_NULL,GREATER_EQUAL,LESS_EQUAL', '资料创建时间_分析', 1, '2019-08-19 18:14:21', '2019-08-19 18:14:21');
INSERT INTO `welab_skyeye`.`tag`(`id`, `short_name`, `name`, `owner_id`, `is_id_mapped`, `is_visible`, `is_encrypted`, `is_related`, `data_type`, `source_data_type`, `aggregator`, `operator`, `description`, `seq_num`, `gmt_create`, `gmt_modified`) VALUES (2555, 'x_profile_updated_at', 'x_profile_updated_at', 61, 0, 1, 0, 0, 5, 5, 'SUM,COUNT,COUNT_DISTINCT,AVG,MAX,MIN', 'EQUAL,NOT_EQUAL,GREATER,LESS,BETWEEN,CONTAIN,NOT_CONTAIN,NULL,NOT_NULL,GREATER_EQUAL,LESS_EQUAL', '资料修改时间_分析', 1, '2019-08-19 18:14:21', '2019-08-19 18:14:21');
INSERT INTO `welab_skyeye`.`tag`(`id`, `short_name`, `name`, `owner_id`, `is_id_mapped`, `is_visible`, `is_encrypted`, `is_related`, `data_type`, `source_data_type`, `aggregator`, `operator`, `description`, `seq_num`, `gmt_create`, `gmt_modified`) VALUES (2522, 'x_reset_password_sent_at', 'x_reset_password_sent_at', 61, 0, 1, 0, 0, 5, 5, 'SUM,COUNT,COUNT_DISTINCT,AVG,MAX,MIN', 'EQUAL,NOT_EQUAL,GREATER,LESS,BETWEEN,CONTAIN,NOT_CONTAIN,NULL,NOT_NULL,GREATER_EQUAL,LESS_EQUAL', '重置密码时间_分析', 1, '2019-08-19 18:14:21', '2019-08-19 18:14:21');
INSERT INTO `welab_skyeye`.`tag`(`id`, `short_name`, `name`, `owner_id`, `is_id_mapped`, `is_visible`, `is_encrypted`, `is_related`, `data_type`, `source_data_type`, `aggregator`, `operator`, `description`, `seq_num`, `gmt_create`, `gmt_modified`) VALUES (2528, 'x_updated_at', 'x_updated_at', 61, 0, 1, 0, 0, 5, 5, 'SUM,COUNT,COUNT_DISTINCT,AVG,MAX,MIN', 'EQUAL,NOT_EQUAL,GREATER,LESS,BETWEEN,CONTAIN,NOT_CONTAIN,NULL,NOT_NULL,GREATER_EQUAL,LESS_EQUAL', '用户更新时间_分析', 1, '2019-08-19 18:14:21', '2019-08-19 18:14:21');
INSERT INTO `welab_skyeye`.`tag`(`id`, `short_name`, `name`, `owner_id`, `is_id_mapped`, `is_visible`, `is_encrypted`, `is_related`, `data_type`, `source_data_type`, `aggregator`, `operator`, `description`, `seq_num`, `gmt_create`, `gmt_modified`) VALUES (2531, 'x_user_created_at', 'x_user_created_at', 61, 0, 1, 0, 0, 5, 5, 'SUM,COUNT,COUNT_DISTINCT,AVG,MAX,MIN', 'EQUAL,NOT_EQUAL,GREATER,LESS,BETWEEN,CONTAIN,NOT_CONTAIN,NULL,NOT_NULL,GREATER_EQUAL,LESS_EQUAL', '用户创建时间_分析', 1, '2019-08-19 18:14:21', '2019-08-19 18:14:21');
INSERT INTO `welab_skyeye`.`tag`(`id`, `short_name`, `name`, `owner_id`, `is_id_mapped`, `is_visible`, `is_encrypted`, `is_related`, `data_type`, `source_data_type`, `aggregator`, `operator`, `description`, `seq_num`, `gmt_create`, `gmt_modified`) VALUES (2521, 'x_user_id', 'x_user_id', 61, 0, 1, 0, 1, 5, 5, 'SUM,COUNT,COUNT_DISTINCT,AVG,MAX,MIN', 'EQUAL,NOT_EQUAL,GREATER,LESS,BETWEEN,CONTAIN,NOT_CONTAIN,NULL,NOT_NULL,GREATER_EQUAL,LESS_EQUAL', '用户ID关联', 1, '2019-08-19 18:14:21', '2019-08-19 18:14:21');
INSERT INTO `welab_skyeye`.`tag`(`id`, `short_name`, `name`, `owner_id`, `is_id_mapped`, `is_visible`, `is_encrypted`, `is_related`, `data_type`, `source_data_type`, `aggregator`, `operator`, `description`, `seq_num`, `gmt_create`, `gmt_modified`) VALUES (2532, 'x_user_updated_at', 'x_user_updated_at', 61, 0, 1, 0, 0, 5, 5, 'SUM,COUNT,COUNT_DISTINCT,AVG,MAX,MIN', 'EQUAL,NOT_EQUAL,GREATER,LESS,BETWEEN,CONTAIN,NOT_CONTAIN,NULL,NOT_NULL,GREATER_EQUAL,LESS_EQUAL', '用户更新时间_分析', 1, '2019-08-19 18:14:21', '2019-08-19 18:14:21');
INSERT INTO `welab_skyeye`.`tag`(`id`, `short_name`, `name`, `owner_id`, `is_id_mapped`, `is_visible`, `is_encrypted`, `is_related`, `data_type`, `source_data_type`, `aggregator`, `operator`, `description`, `seq_num`, `gmt_create`, `gmt_modified`) VALUES (2514, 'x_uuid', 'x_uuid', 61, 0, 1, 0, 1, 5, 5, 'SUM,COUNT,COUNT_DISTINCT,AVG,MAX,MIN', 'EQUAL,NOT_EQUAL,GREATER,LESS,BETWEEN,CONTAIN,NOT_CONTAIN,NULL,NOT_NULL,GREATER_EQUAL,LESS_EQUAL', '业务用户主键关联', 1, '2019-08-19 18:14:21', '2019-08-19 18:14:21');



-- 数据概览表
-- tuncate table dashboard_overview;
INSERT INTO dashboard_overview(`name`, is_built_in, is_public)
VALUE('运营看板', 1, 1);
INSERT INTO dashboard_overview(`name`, is_built_in, is_public)
VALUE('产品看板', 1, 1);
INSERT INTO dashboard_overview(`name`, is_built_in, is_public)
VALUE('市场看板', 1, 1);
INSERT INTO dashboard_overview(`name`, is_built_in, is_public)
VALUE('渠道看板', 1, 1);
INSERT INTO dashboard_overview(`name`, is_built_in, is_public)
VALUE('分享的看板', 1, 0);

-- 用户数据概览表
-- tuncate table dashboard_user_overview;
INSERT INTO `dashboard_user_overview` (`user_id`, `overview_id`, `sort`, `gmt_create`, `gmt_modified`) VALUES (1, 1, 1, NOW(), NOW());
INSERT INTO `dashboard_user_overview` (`user_id`, `overview_id`, `sort`, `gmt_create`, `gmt_modified`) VALUES (1, 2, 1, NOW(), NOW());
INSERT INTO `dashboard_user_overview` (`user_id`, `overview_id`, `sort`, `gmt_create`, `gmt_modified`) VALUES (1, 3, 1, NOW(), NOW());
INSERT INTO `dashboard_user_overview` (`user_id`, `overview_id`, `sort`, `gmt_create`, `gmt_modified`) VALUES (1, 4, 1, NOW(), NOW());
INSERT INTO `dashboard_user_overview` (`user_id`, `overview_id`, `sort`, `gmt_create`, `gmt_modified`) VALUES (1, 5, 1, NOW(), NOW());

insert into event (name, cname, description)
  value ('pageview', '页面浏览', '页面浏览');
insert into event (name, cname, description)
  value ('pageinput', '页面输入','页面输入');
insert into event (name, cname, description)
  value ('webclick', '页面点击','页面点击');
insert into event (name, cname, description)
  value ('webstay', '页面停留','页面停留');
insert into event (name, cname, description)
value ('sms', '短信服务','短信服务');

INSERT  INTO `t_escheduler_alertgroup`(`id`,`group_name`,`group_type`,`desc`,`create_time`,`update_time`) VALUES 
(1,'escheduler管理员告警组',0,'escheduler管理员告警组','2018-11-29 10:20:39','2018-11-29 10:20:39');

INSERT  INTO `t_escheduler_queue`(`id`,`queue_name`,`queue`,`create_time`,`update_time`) VALUES 
(1,'default','default',NULL,NULL);


INSERT  INTO `t_escheduler_relation_user_alertgroup`(`id`,`alertgroup_id`,`user_id`,`create_time`,`update_time`) VALUES 
(1,1,1,'2018-11-29 10:22:33','2018-11-29 10:22:33');

/*Data for the table `t_escheduler_tenant` */

INSERT  INTO `t_escheduler_tenant`(`id`,`tenant_code`,`tenant_name`,`desc`,`queue_id`,`create_time`,`update_time`) VALUES 
(1,'test','test','',1,'2019-05-29 02:10:00','2019-05-29 02:10:00');

/*Data for the table `t_escheduler_udfs` */

/*Data for the table `t_escheduler_user` */

INSERT  INTO `t_escheduler_user`(`id`,`user_name`,`user_password`,`user_type`,`email`,`phone`,`tenant_id`,`create_time`,`update_time`,`queue`) VALUES 
(1,'admin','055a97b5fcd6d120372ad1976518f371',0,'825193156@qq.com','15001335629',0,'2018-03-27 15:48:50','2018-10-24 17:40:22',NULL),
(2,'test','098f6bcd4621d373cade4e832627b4f6',1,'1212@1213.com','',1,'2019-05-29 02:10:48','2019-05-29 02:10:48','default2');

/*Data for the table `t_escheduler_version` */

INSERT  INTO `t_escheduler_version`(`id`,`version`) VALUES 
(1,'1.0.2');

/*Data for the table `t_escheduler_worker_group` */

INSERT  INTO `t_escheduler_worker_group`(`id`,`name`,`ip_list`,`create_time`,`update_time`) VALUES 
(1,'1','172.28.26.189','2019-06-04 05:31:18','2019-06-04 05:31:24');
